time_step,hour_of_day,day_of_week,cpu_util_percent,mem_util_percent,net_in_mbps,net_out_mbps,disk_io_percent
0,0.0,0,48.65,55.32,84.92,167.78,58.42
1,0.08,0,53.54,56.69,72.0,144.09,63.59
2,0.17,0,53.06,56.57,67.53,128.7,68.11
3,0.25,0,50.42,62.21,70.46,142.68,69.7
4,0.33,0,22.59,43.55,27.9,56.67,15.15
5,0.42,0,31.69,50.64,66.41,138.0,16.66
6,0.5,0,18.59,40.25,35.05,75.77,8.9
7,0.58,0,26.96,49.97,45.17,92.75,14.35
8,0.67,0,29.82,49.12,56.73,110.19,17.18
9,0.75,0,13.53,41.64,25.43,52.73,12.69
10,0.83,0,28.25,48.54,47.18,84.92,14.79
11,0.92,0,24.8,47.21,38.75,78.27,20.95
12,1.0,0,26.58,48.58,32.85,69.08,18.3
13,1.08,0,24.67,44.9,45.01,81.88,15.5
14,1.17,0,29.69,47.05,58.83,120.02,20.16
15,1.25,0,27.33,47.4,48.43,96.38,16.73
16,1.33,0,26.67,48.37,54.36,113.92,22.88
17,1.42,0,23.21,45.31,34.09,67.94,12.62
18,1.5,0,33.11,51.45,48.7,103.84,19.59
19,1.58,0,26.73,48.26,36.72,73.85,8.18
20,1.67,0,34.89,50.27,59.8,117.39,17.16
21,1.75,0,33.81,46.72,53.03,106.53,19.06
22,1.83,0,21.04,43.46,37.4,77.12,13.97
23,1.92,0,25.17,49.81,50.56,102.53,11.87
24,2.0,0,24.05,46.5,40.08,72.51,13.24
25,2.08,0,27.73,46.2,56.92,111.75,12.91
26,2.17,0,28.79,48.46,51.43,102.17,16.72
27,2.25,0,29.18,49.48,47.08,84.81,20.43
28,2.33,0,32.31,48.26,41.35,87.65,16.69
29,2.42,0,34.1,52.82,61.22,115.65,25.76
30,2.5,0,32.52,50.63,56.29,116.03,19.04
31,2.58,0,27.44,45.15,50.58,101.47,8.67
32,2.67,0,26.94,48.84,50.23,97.55,18.07
33,2.75,0,29.97,47.67,46.73,99.15,17.29
34,2.83,0,31.75,48.93,51.88,111.7,23.45
35,2.92,0,29.91,46.43,47.23,95.2,17.41
36,3.0,0,26.15,48.03,56.38,118.36,15.52
37,3.08,0,33.56,49.8,53.07,104.64,26.68
38,3.17,0,30.12,49.9,46.18,97.94,9.11
39,3.25,0,30.33,47.55,61.95,119.67,16.21
40,3.33,0,31.95,48.05,63.02,132.57,19.05
41,3.42,0,31.64,47.75,54.86,114.14,16.31
42,3.5,0,31.54,49.99,51.81,105.61,9.48
43,3.58,0,28.69,46.55,46.4,83.51,18.79
44,3.67,0,33.14,49.5,54.41,110.18,16.45
45,3.75,0,36.35,50.32,51.62,96.74,18.54
46,3.83,0,35.18,51.71,61.08,121.72,23.83
47,3.92,0,37.94,48.6,73.75,149.14,20.7
48,4.0,0,58.43,61.79,89.62,174.76,61.1
49,4.08,0,56.89,64.06,74.44,148.28,64.77
50,4.17,0,60.88,64.87,91.7,173.2,62.49
51,4.25,0,59.98,60.76,88.54,161.74,62.75
52,4.33,0,34.76,51.63,60.28,114.65,21.72
53,4.42,0,37.69,52.56,53.67,104.95,16.85
54,4.5,0,35.59,53.95,57.73,113.84,21.14
55,4.58,0,33.38,45.0,62.12,128.15,17.42
56,4.67,0,36.2,53.52,49.88,103.44,17.02
57,4.75,0,39.76,52.36,59.12,127.52,17.92
58,4.83,0,41.34,52.11,62.3,117.13,17.88
59,4.92,0,41.72,52.23,73.05,147.31,20.79
60,5.0,0,41.31,50.99,73.75,147.13,19.23
61,5.08,0,39.66,51.62,47.59,95.08,25.39
62,5.17,0,42.09,51.78,73.49,137.47,16.97
63,5.25,0,40.95,53.79,73.57,139.35,22.41
64,5.33,0,41.92,55.05,74.22,140.29,25.05
65,5.42,0,38.67,51.89,57.17,121.45,26.59
66,5.5,0,42.54,57.14,64.21,129.73,17.39
67,5.58,0,44.15,53.77,55.44,114.12,25.13
68,5.67,0,44.45,54.39,53.34,106.45,21.94
69,5.75,0,39.19,51.69,59.13,115.29,24.01
70,5.83,0,44.46,56.21,68.97,135.83,18.54
71,5.92,0,39.51,54.18,63.83,125.4,19.41
72,6.0,0,45.61,56.51,76.3,146.86,19.95
73,6.08,0,42.98,54.09,91.07,175.75,18.94
74,6.17,0,51.84,55.65,74.04,137.95,23.13
75,6.25,0,46.73,55.39,62.63,124.06,31.66
76,6.33,0,49.55,60.25,78.83,151.33,25.06
77,6.42,0,54.57,61.58,82.26,154.49,22.24
78,6.5,0,44.75,55.73,64.1,128.59,20.02
79,6.58,0,49.57,56.54,81.77,166.16,24.64
80,6.67,0,44.32,54.92,61.69,127.43,20.34
81,6.75,0,50.11,56.79,74.1,141.97,21.8
82,6.83,0,55.51,62.37,81.04,159.2,19.44
83,6.92,0,47.56,54.72,64.49,130.29,21.7
84,7.0,0,47.08,58.03,57.81,114.66,11.77
85,7.08,0,50.28,56.57,77.08,148.63,15.5
86,7.17,0,58.17,63.82,95.76,184.09,23.14
87,7.25,0,54.13,60.21,87.64,180.32,26.17
88,7.33,0,48.67,55.4,81.63,158.22,28.61
89,7.42,0,57.34,60.19,77.42,143.02,25.94
90,7.5,0,46.86,57.51,72.95,136.07,23.85
91,7.58,0,60.53,61.24,76.25,146.39,25.58
92,7.67,0,56.45,60.45,84.09,155.13,27.47
93,7.75,0,60.02,60.98,98.13,185.98,25.86
94,7.83,0,48.47,60.33,84.52,173.26,23.61
95,7.92,0,55.21,63.71,97.5,182.94,17.55
96,8.0,0,78.48,73.24,117.09,215.33,66.6
97,8.08,0,75.8,68.86,109.77,206.55,64.97
98,8.17,0,51.21,57.24,83.45,159.69,21.14
99,8.25,0,57.89,59.49,89.91,166.89,23.1
100,8.33,0,58.56,64.43,78.82,145.68,19.31
101,8.42,0,61.38,64.48,76.53,154.53,27.5
102,8.5,0,55.41,61.89,88.56,171.91,24.79
103,8.58,0,57.02,60.16,100.17,187.9,24.53
104,8.67,0,53.02,55.34,86.01,159.05,24.17
105,8.75,0,63.58,60.55,76.3,144.74,20.91
106,8.83,0,58.76,61.56,81.35,150.3,31.74
107,8.92,0,61.36,61.57,87.06,163.81,29.11
108,9.0,0,61.79,61.53,74.31,154.08,27.93
109,9.08,0,64.55,64.74,81.45,157.8,32.08
110,9.17,0,56.84,62.6,82.91,156.14,25.05
111,9.25,0,62.48,61.71,92.07,179.12,24.49
112,9.33,0,60.23,59.49,79.39,148.26,26.15
113,9.42,0,67.97,64.23,85.18,161.29,33.1
114,9.5,0,57.95,58.99,94.08,170.08,20.91
115,9.58,0,65.23,65.54,90.21,178.76,32.37
116,9.67,0,62.61,63.17,88.22,167.78,20.24
117,9.75,0,62.67,66.96,85.83,160.41,27.8
118,9.83,0,62.06,64.39,83.3,163.19,29.56
119,9.92,0,66.81,68.69,105.6,194.83,29.28
120,10.0,0,63.24,60.65,83.85,156.0,30.0
121,10.08,0,57.2,54.23,85.08,161.24,23.79
122,10.17,0,67.01,65.64,95.48,175.88,21.66
123,10.25,0,66.56,65.2,79.88,150.51,30.84
124,10.33,0,65.18,64.09,95.14,180.27,33.69
125,10.42,0,59.36,61.9,73.88,142.44,24.18
126,10.5,0,60.07,59.78,92.17,169.28,27.75
127,10.58,0,57.07,61.81,73.99,141.96,20.96
128,10.67,0,65.41,65.9,97.66,188.7,22.74
129,10.75,0,59.22,59.25,82.62,162.46,25.23
130,10.83,0,58.06,60.42,79.28,150.21,21.6
131,10.92,0,68.66,65.31,99.08,187.4,27.55
132,11.0,0,67.01,63.81,83.63,159.3,38.87
133,11.08,0,63.26,61.15,90.36,165.69,22.99
134,11.17,0,64.06,63.85,98.13,183.93,27.38
135,11.25,0,56.19,60.81,90.77,177.37,17.01
136,11.33,0,67.9,64.34,92.78,181.07,29.07
137,11.42,0,62.34,60.87,87.28,169.16,22.76
138,11.5,0,65.98,65.51,82.25,148.04,27.67
139,11.58,0,56.17,58.74,76.4,143.61,25.11
140,11.67,0,68.35,65.14,84.53,164.5,27.64
141,11.75,0,62.32,62.17,93.31,186.52,21.79
142,11.83,0,60.16,64.57,93.94,179.01,23.91
143,11.92,0,63.81,62.27,87.93,168.76,26.89
144,12.0,0,80.25,74.56,102.84,194.54,55.1
145,12.08,0,86.1,75.25,120.78,220.87,63.15
146,12.17,0,80.85,75.02,105.08,200.9,56.39
147,12.25,0,69.73,67.71,104.05,189.68,23.46
148,12.33,0,66.08,64.29,109.78,207.18,28.25
149,12.42,0,90.71,73.99,173.54,322.82,22.89
150,12.5,0,64.82,63.46,86.85,166.58,34.05
151,12.58,0,69.22,69.12,86.39,159.0,20.42
152,12.67,0,60.66,62.2,88.96,166.58,28.75
153,12.75,0,65.01,65.58,93.64,182.0,29.22
154,12.83,0,63.14,63.83,88.6,169.85,21.26
155,12.92,0,69.32,66.69,98.31,183.44,29.57
156,13.0,0,69.57,66.88,90.13,166.88,24.63
157,13.08,0,64.2,64.88,78.74,155.74,25.39
158,13.17,0,59.55,60.17,80.39,154.88,26.77
159,13.25,0,65.43,63.9,78.52,145.68,26.17
160,13.33,0,57.97,61.7,77.49,148.53,20.49
161,13.42,0,69.33,66.53,100.68,187.19,28.97
162,13.5,0,61.82,61.9,89.66,172.9,24.62
163,13.58,0,63.2,64.27,76.65,154.24,25.36
164,13.67,0,60.74,60.79,96.29,177.91,24.98
165,13.75,0,59.78,59.46,85.18,164.11,19.56
166,13.83,0,89.39,75.82,172.06,320.39,27.85
167,13.92,0,61.98,60.49,86.46,155.63,23.14
168,14.0,0,62.47,63.67,85.3,167.7,27.26
169,14.08,0,58.58,57.45,78.36,161.54,20.93
170,14.17,0,64.86,62.74,99.34,189.5,30.97
171,14.25,0,64.98,63.59,84.13,168.23,27.05
172,14.33,0,60.65,59.08,89.26,164.39,26.62
173,14.42,0,65.57,63.76,82.95,155.72,25.06
174,14.5,0,60.5,64.6,87.31,167.51,18.74
175,14.58,0,87.98,72.05,184.33,337.52,34.12
176,14.67,0,54.64,58.9,82.71,159.06,20.77
177,14.75,0,61.27,65.98,89.18,175.53,19.35
178,14.83,0,58.8,59.33,83.64,156.14,21.36
179,14.92,0,89.14,77.91,186.31,350.6,31.97
180,15.0,0,59.53,61.23,78.02,140.81,15.37
181,15.08,0,59.27,61.88,88.51,166.48,23.47
182,15.17,0,60.67,64.88,77.71,148.89,29.2
183,15.25,0,56.21,59.32,70.52,132.31,24.18
184,15.33,0,59.85,63.19,98.26,184.09,29.76
185,15.42,0,61.83,64.59,87.12,173.8,23.85
186,15.5,0,52.24,57.21,82.77,165.18,27.67
187,15.58,0,54.09,57.82,86.9,170.02,18.16
188,15.67,0,53.89,58.79,80.07,159.34,25.87
189,15.75,0,52.29,58.14,74.73,141.42,22.64
190,15.83,0,54.08,57.18,77.02,142.53,28.94
191,15.92,0,58.99,60.26,98.65,183.54,23.1
192,16.0,0,81.96,64.95,108.88,202.68,59.11
193,16.08,0,76.88,68.93,108.67,202.55,64.08
194,16.17,0,74.99,70.53,110.41,211.37,68.17
195,16.25,0,78.54,67.01,111.26,211.88,63.41
196,16.33,0,45.18,54.4,77.89,149.32,21.13
197,16.42,0,49.36,62.1,71.14,137.48,17.48
198,16.5,0,44.53,54.99,73.82,148.35,24.92
199,16.58,0,48.52,59.55,58.87,109.5,21.92
200,16.67,0,49.16,55.1,84.76,166.52,25.09
201,16.75,0,56.6,61.37,91.91,165.43,24.94
202,16.83,0,41.35,51.24,62.19,119.1,28.5
203,16.92,0,49.14,57.91,77.48,157.01,20.05
204,17.0,0,52.34,60.24,84.94,164.4,21.0
205,17.08,0,51.19,59.25,68.13,130.3,26.85
206,17.17,0,82.58,71.47,183.28,344.49,34.8
207,17.25,0,49.47,57.81,63.91,128.02,26.64
208,17.33,0,49.78,57.97,83.85,163.7,22.4
209,17.42,0,41.61,55.06,71.51,137.71,21.23
210,17.5,0,44.15,54.62,65.73,133.12,15.65
211,17.58,0,40.94,55.28,60.95,116.49,19.59
212,17.67,0,48.75,59.81,72.31,136.69,23.29
213,17.75,0,47.53,55.75,64.86,136.11,22.99
214,17.83,0,46.97,56.23,69.97,133.45,18.71
215,17.92,0,42.35,52.25,57.52,103.54,16.19
216,18.0,0,41.59,54.4,72.1,145.09,24.58
217,18.08,0,45.3,56.08,78.45,158.02,24.87
218,18.17,0,41.78,53.92,72.7,139.69,19.52
219,18.25,0,40.12,53.32,53.59,96.46,24.16
220,18.33,0,41.48,57.51,63.11,123.31,24.13
221,18.42,0,40.51,47.46,68.29,143.28,13.41
222,18.5,0,39.36,51.72,68.38,134.09,19.42
223,18.58,0,37.67,51.26,45.49,95.73,24.77
224,18.67,0,43.1,57.31,72.64,144.89,14.41
225,18.75,0,46.54,56.9,60.91,124.49,15.83
226,18.83,0,40.53,54.24,62.41,131.65,22.64
227,18.92,0,41.02,55.98,74.29,149.12,25.43
228,19.0,0,41.7,53.41,74.02,142.83,19.31
229,19.08,0,40.69,54.61,74.43,138.4,18.29
230,19.17,0,36.02,50.15,49.7,101.6,12.21
231,19.25,0,44.59,52.96,61.95,120.55,19.95
232,19.33,0,35.51,54.57,53.11,109.18,12.99
233,19.42,0,40.02,53.75,61.85,117.02,18.59
234,19.5,0,39.2,53.93,63.78,123.29,25.04
235,19.58,0,30.09,46.38,61.33,120.44,12.34
236,19.67,0,35.29,51.9,49.92,95.16,17.81
237,19.75,0,36.35,54.92,53.59,106.67,22.53
238,19.83,0,63.46,63.0,170.61,321.03,22.76
239,19.92,0,36.44,48.88,49.45,108.56,20.74
240,20.0,0,61.67,63.12,94.82,176.99,64.68
241,20.08,0,58.61,59.3,84.63,166.86,60.99
242,20.17,0,35.5,47.86,60.7,109.37,19.27
243,20.25,0,33.73,48.71,48.99,98.14,14.04
244,20.33,0,29.97,47.5,56.62,112.27,15.89
245,20.42,0,33.29,48.0,49.71,103.55,18.97
246,20.5,0,35.45,53.6,46.18,90.52,11.26
247,20.58,0,36.36,55.14,62.48,123.68,10.1
248,20.67,0,34.02,51.55,40.83,89.04,17.89
249,20.75,0,36.48,52.19,54.24,101.99,20.64
250,20.83,0,32.95,49.55,56.87,102.58,18.59
251,20.92,0,34.19,48.59,62.09,127.17,12.06
252,21.0,0,34.14,53.57,65.78,123.41,22.95
253,21.08,0,29.77,48.27,64.95,129.19,17.86
254,21.17,0,32.8,48.83,66.13,138.78,22.08
255,21.25,0,26.67,49.03,48.54,101.55,14.11
256,21.33,0,30.9,48.76,61.09,115.1,18.79
257,21.42,0,31.42,51.09,54.12,100.1,19.94
258,21.5,0,32.81,48.95,59.86,113.86,22.22
259,21.58,0,31.74,51.32,48.3,97.8,21.62
260,21.67,0,32.34,51.51,57.51,112.26,14.89
261,21.75,0,28.02,50.26,44.84,97.52,16.54
262,21.83,0,26.92,45.7,45.92,95.99,14.64
263,21.92,0,26.94,46.96,51.05,98.24,17.31
264,22.0,0,28.61,51.77,66.06,133.15,11.4
265,22.08,0,21.13,44.02,43.52,95.87,8.92
266,22.17,0,31.92,50.99,53.21,104.21,27.52
267,22.25,0,27.22,51.83,41.01,86.21,24.55
268,22.33,0,25.42,42.74,52.68,100.44,21.02
269,22.42,0,17.84,42.47,33.72,69.99,16.4
270,22.5,0,58.45,61.3,168.26,308.41,27.71
271,22.58,0,25.67,42.95,51.41,108.74,19.53
272,22.67,0,23.07,44.47,52.79,102.52,22.39
273,22.75,0,23.71,43.72,50.19,102.53,13.96
274,22.83,0,25.83,48.34,36.21,78.36,13.43
275,22.92,0,23.74,42.22,29.75,79.1,15.87
276,23.0,0,27.68,51.24,53.83,105.57,19.3
277,23.08,0,22.95,46.71,43.23,83.93,14.72
278,23.17,0,26.02,44.6,49.35,98.47,14.29
279,23.25,0,29.51,50.33,64.18,121.26,23.13
280,23.33,0,25.18,47.52,40.28,80.06,12.95
281,23.42,0,26.48,46.84,57.11,116.43,22.49
282,23.5,0,26.2,45.35,41.58,81.49,20.4
283,23.58,0,25.15,47.41,57.7,116.67,23.93
284,23.67,0,24.84,46.42,50.81,104.45,24.94
285,23.75,0,23.04,43.99,30.59,66.32,17.24
286,23.83,0,25.55,43.81,42.32,89.52,24.7
287,23.92,0,24.01,44.1,59.14,114.98,18.02
288,0.0,1,55.17,58.82,95.53,171.96,62.52
289,0.08,1,52.61,61.0,82.96,159.63,61.07
290,0.17,1,44.7,56.84,71.47,139.04,56.58
291,0.25,1,44.92,54.31,70.82,135.62,61.41
292,0.33,1,49.38,56.4,77.76,153.2,64.09
293,0.42,1,23.74,47.66,42.36,90.06,10.34
294,0.5,1,24.53,46.57,54.12,108.51,26.37
295,0.58,1,27.51,47.89,52.64,105.24,23.38
296,0.67,1,26.41,45.48,38.97,86.24,14.27
297,0.75,1,26.45,46.66,51.98,98.2,18.86
298,0.83,1,30.54,48.75,52.96,103.68,17.46
299,0.92,1,20.71,44.14,37.35,82.23,16.51
300,1.0,1,26.05,48.19,61.44,123.28,15.97
301,1.08,1,23.77,47.23,44.36,88.67,18.04
302,1.17,1,30.95,47.09,37.14,78.8,13.46
303,1.25,1,18.33,42.25,35.06,70.37,23.34
304,1.33,1,18.63,42.01,45.3,92.35,10.68
305,1.42,1,27.43,50.12,40.5,86.34,19.07
306,1.5,1,30.46,53.22,59.23,123.08,14.9
307,1.58,1,29.4,47.3,42.3,89.44,16.73
308,1.67,1,57.51,60.55,178.31,337.77,26.22
309,1.75,1,32.34,51.24,49.22,91.39,18.47
310,1.83,1,22.95,43.91,39.73,71.51,16.25
311,1.92,1,32.04,51.15,50.04,90.08,16.54
312,2.0,1,23.83,45.68,48.38,102.66,13.19
313,2.08,1,26.67,43.51,61.76,124.18,19.32
314,2.17,1,30.37,46.07,51.56,99.22,14.18
315,2.25,1,23.24,44.78,42.8,85.11,13.21
316,2.33,1,33.76,52.64,50.92,103.35,15.89
317,2.42,1,27.62,45.64,35.12,69.61,15.58
318,2.5,1,29.61,47.26,46.75,90.06,11.72
319,2.58,1,33.47,50.48,45.09,87.89,12.75
320,2.67,1,26.9,43.77,32.28,64.41,18.9
321,2.75,1,33.68,50.75,54.8,108.85,20.64
322,2.83,1,36.0,48.11,53.85,115.25,20.24
323,2.92,1,28.26,48.85,59.92,112.82,22.57
324,3.0,1,35.65,49.43,50.94,101.32,15.38
325,3.08,1,25.01,44.37,50.37,102.97,9.35
326,3.17,1,32.85,50.33,59.63,120.01,21.35
327,3.25,1,27.51,48.97,58.71,113.15,9.89
328,3.33,1,35.44,51.7,56.06,114.0,18.31
329,3.42,1,35.49,51.39,68.14,134.76,19.99
330,3.5,1,40.1,53.49,67.6,129.43,28.27
331,3.58,1,38.15,52.93,69.89,129.04,17.35
332,3.67,1,32.95,50.72,73.69,136.93,16.34
333,3.75,1,30.1,47.76,50.14,103.98,20.17
334,3.83,1,36.23,52.61,59.85,124.86,21.47
335,3.92,1,34.41,48.89,53.4,106.12,17.23
336,4.0,1,69.98,68.67,111.31,217.37,72.56
337,4.08,1,57.35,62.37,104.65,198.11,65.71
338,4.17,1,43.42,58.9,72.98,135.64,22.64
339,4.25,1,38.02,53.13,47.74,94.88,13.13
340,4.33,1,33.7,51.98,48.38,104.54,30.06
341,4.42,1,39.51,49.66,71.69,136.03,22.76
342,4.5,1,41.89,55.73,56.11,110.32,16.07
343,4.58,1,38.15,54.52,55.98,116.69,18.47
344,4.67,1,31.98,52.4,48.29,102.51,13.78
345,4.75,1,37.54,52.14,59.43,118.51,16.11
346,4.83,1,42.62,53.5,68.2,135.44,21.5
347,4.92,1,41.14,51.33,49.37,104.18,25.85
348,5.0,1,39.28,50.68,49.91,101.38,19.41
349,5.08,1,44.83,55.12,56.76,118.57,13.64
350,5.17,1,43.26,50.96,55.84,113.87,18.36
351,5.25,1,66.82,63.53,152.48,283.73,24.51
352,5.33,1,40.09,53.22,64.66,128.57,20.38
353,5.42,1,40.18,53.22,71.32,136.46,19.48
354,5.5,1,36.44,49.46,63.17,118.87,10.31
355,5.58,1,41.91,51.39,60.64,113.44,16.78
356,5.67,1,46.53,53.77,72.68,139.78,17.2
357,5.75,1,42.98,53.9,75.01,146.58,24.33
358,5.83,1,45.69,59.82,68.01,141.41,20.28
359,5.92,1,48.45,58.92,70.66,139.27,14.12
360,6.0,1,46.3,56.27,63.01,124.37,18.1
361,6.08,1,47.08,57.3,65.06,126.61,26.47
362,6.17,1,41.12,55.54,69.83,133.9,17.88
363,6.25,1,45.18,56.68,69.18,135.19,18.58
364,6.33,1,52.79,58.14,94.01,177.84,22.52
365,6.42,1,47.54,54.7,66.64,128.32,22.79
366,6.5,1,54.25,59.16,86.19,169.25,22.99
367,6.58,1,45.51,57.49,72.71,136.33,25.47
368,6.67,1,49.29,56.64,73.44,140.93,21.75
369,6.75,1,47.56,54.19,68.59,130.03,24.59
370,6.83,1,51.4,54.68,81.48,157.26,23.64
371,6.92,1,52.89,58.56,82.8,163.32,18.05
372,7.0,1,52.29,56.48,79.36,154.59,30.21
373,7.08,1,54.24,58.54,83.5,159.19,28.18
374,7.17,1,50.97,60.85,76.45,152.32,20.47
375,7.25,1,50.76,57.74,62.78,127.43,22.25
376,7.33,1,45.69,54.06,70.5,137.1,23.88
377,7.42,1,54.48,60.14,78.23,158.78,24.34
378,7.5,1,53.26,62.81,94.48,182.16,23.74
379,7.58,1,52.82,58.53,83.45,162.17,25.23
380,7.67,1,52.78,54.04,79.95,147.9,24.61
381,7.75,1,53.72,60.47,83.16,151.27,24.86
382,7.83,1,53.41,59.73,70.9,137.95,23.72
383,7.92,1,52.77,58.93,73.45,147.19,25.75
384,8.0,1,84.92,72.77,114.22,217.24,75.69
385,8.08,1,86.15,72.15,121.49,233.43,76.09
386,8.17,1,82.13,74.99,110.07,206.07,79.65
387,8.25,1,83.79,69.03,111.53,211.17,76.3
388,8.33,1,84.83,72.56,108.26,204.95,76.15
389,8.42,1,56.84,59.91,83.41,151.14,20.66
390,8.5,1,56.73,62.23,84.4,170.86,20.83
391,8.58,1,59.83,64.39,90.22,178.39,29.52
392,8.67,1,52.07,57.98,71.92,144.1,25.3
393,8.75,1,82.63,72.57,191.15,360.5,34.33
394,8.83,1,59.19,62.19,77.7,147.53,25.59
395,8.92,1,56.72,62.63,81.31,160.34,25.77
396,9.0,1,62.24,65.07,92.1,173.43,24.98
397,9.08,1,63.54,62.52,89.18,171.26,25.78
398,9.17,1,60.56,63.13,75.18,136.62,23.47
399,9.25,1,56.28,61.09,71.0,137.06,29.41
400,9.33,1,64.01,63.57,93.58,170.8,23.16
401,9.42,1,61.29,63.33,93.19,171.47,26.55
402,9.5,1,55.66,60.09,84.51,161.85,23.29
403,9.58,1,56.23,60.62,87.31,163.62,27.87
404,9.67,1,66.69,62.3,92.79,178.71,27.58
405,9.75,1,66.36,63.03,100.54,199.34,28.44
406,9.83,1,53.06,60.51,81.36,153.34,24.09
407,9.92,1,57.35,58.38,78.7,150.34,20.37
408,10.0,1,66.31,65.78,98.69,190.97,28.78
409,10.08,1,62.47,62.95,92.33,172.85,25.22
410,10.17,1,65.2,66.4,106.62,198.33,23.25
411,10.25,1,62.72,64.52,101.3,190.12,20.04
412,10.33,1,65.42,63.53,92.76,181.38,23.09
413,10.42,1,63.33,63.05,87.65,158.93,28.89
414,10.5,1,61.95,58.9,101.81,189.02,32.53
415,10.58,1,67.35,65.04,100.23,198.06,27.31
416,10.67,1,64.5,61.49,91.01,163.81,22.14
417,10.75,1,66.22,64.36,79.47,152.4,28.22
418,10.83,1,64.63,62.81,86.51,173.36,30.47
419,10.92,1,62.5,61.37,83.4,169.67,33.31
420,11.0,1,69.95,68.85,97.77,189.98,32.54
421,11.08,1,65.67,62.0,98.75,193.61,27.31
422,11.17,1,63.28,61.55,97.11,180.05,28.12
423,11.25,1,69.09,64.69,109.91,203.5,24.38
424,11.33,1,60.07,61.07,94.54,188.74,28.21
425,11.42,1,72.59,65.91,91.71,173.76,31.88
426,11.5,1,64.2,63.17,100.28,181.12,16.06
427,11.58,1,60.44,62.8,101.4,194.61,25.68
428,11.67,1,71.59,68.56,114.38,214.94,33.86
429,11.75,1,63.34,64.74,81.3,156.75,23.15
430,11.83,1,65.83,60.81,92.47,166.45,17.96
431,11.92,1,67.51,66.14,103.7,186.65,26.77
432,12.0,1,99.5,80.66,203.6,377.99,65.77
433,12.08,1,83.77,71.37,101.73,191.59,59.14
434,12.17,1,80.44,74.53,114.04,212.99,56.81
435,12.25,1,65.72,66.75,88.46,171.19,22.73
436,12.33,1,63.46,63.19,78.1,146.68,21.47
437,12.42,1,65.75,63.4,103.74,195.4,27.17
438,12.5,1,70.53,70.04,100.95,189.46,27.4
439,12.58,1,67.41,65.3,91.73,179.54,30.26
440,12.67,1,65.42,64.61,85.79,155.03,28.12
441,12.75,1,67.2,65.39,97.04,181.43,23.83
442,12.83,1,67.36,69.92,99.96,195.37,27.86
443,12.92,1,60.65,61.86,90.39,168.52,25.53
444,13.0,1,64.46,63.96,80.21,154.97,19.46
445,13.08,1,73.17,66.26,106.62,210.26,26.62
446,13.17,1,68.32,64.96,102.54,195.36,27.32
447,13.25,1,62.18,60.92,86.86,177.06,25.09
448,13.33,1,61.68,61.14,97.34,192.2,26.68
449,13.42,1,61.41,59.02,81.88,154.12,25.67
450,13.5,1,66.51,66.69,105.14,192.93,27.99
451,13.58,1,68.93,66.33,98.78,184.78,27.9
452,13.67,1,65.16,64.8,89.23,172.51,26.2
453,13.75,1,63.49,63.46,88.64,171.28,26.51
454,13.83,1,61.19,62.68,96.42,186.87,23.85
455,13.92,1,63.69,66.9,93.32,173.35,24.26
456,14.0,1,59.45,60.21,91.5,170.81,25.26
457,14.08,1,55.32,60.45,89.99,174.77,15.79
458,14.17,1,67.6,65.96,91.91,185.39,25.42
459,14.25,1,58.11,63.43,85.75,158.86,21.7
460,14.33,1,60.25,62.99,85.5,163.54,21.74
461,14.42,1,63.43,64.52,99.25,186.85,24.6
462,14.5,1,65.89,62.13,91.01,174.54,21.11
463,14.58,1,61.5,61.06,89.18,164.54,24.13
464,14.67,1,56.14,57.93,100.74,191.77,24.96
465,14.75,1,80.86,66.43,177.0,334.71,34.42
466,14.83,1,57.37,61.61,75.56,137.89,33.14
467,14.92,1,59.31,61.17,93.39,183.09,17.51
468,15.0,1,63.45,64.35,96.66,178.0,22.13
469,15.08,1,49.95,57.55,66.13,130.33,21.24
470,15.17,1,57.07,61.16,82.61,161.13,24.82
471,15.25,1,56.49,63.1,75.21,147.25,25.58
472,15.33,1,53.46,59.07,64.15,123.8,20.92
473,15.42,1,59.57,63.14,85.31,166.88,14.89
474,15.5,1,52.22,57.9,73.62,136.23,27.19
475,15.58,1,52.28,60.17,68.92,138.64,25.08
476,15.67,1,59.45,59.27,86.26,162.95,27.72
477,15.75,1,61.36,58.94,73.64,144.15,24.48
478,15.83,1,55.48,64.18,81.91,155.67,25.27
479,15.92,1,51.11,61.67,76.46,155.29,14.78
480,16.0,1,76.79,65.67,112.58,214.84,61.31
481,16.08,1,82.41,72.01,101.07,195.18,71.77
482,16.17,1,54.64,59.89,97.69,189.77,23.78
483,16.25,1,53.49,60.52,93.24,176.62,30.85
484,16.33,1,54.55,63.03,74.27,145.14,19.74
485,16.42,1,52.92,56.69,90.19,173.16,33.44
486,16.5,1,58.06,59.11,91.53,177.98,35.3
487,16.58,1,49.63,57.33,71.04,135.64,19.83
488,16.67,1,48.82,55.04,68.73,130.17,20.39
489,16.75,1,46.59,50.54,66.65,135.89,26.65
490,16.83,1,49.12,56.65,96.56,187.74,20.03
491,16.92,1,46.77,57.76,82.01,153.42,20.63
492,17.0,1,50.94,57.88,74.51,153.62,19.8
493,17.08,1,49.83,58.67,73.86,140.09,19.63
494,17.17,1,45.55,56.46,76.44,148.19,21.86
495,17.25,1,50.96,55.88,82.59,164.5,21.65
496,17.33,1,53.78,59.34,71.88,145.19,15.09
497,17.42,1,49.29,54.13,76.53,144.23,28.09
498,17.5,1,38.71,51.39,57.03,115.24,26.07
499,17.58,1,54.13,59.46,81.18,154.57,25.58
500,17.67,1,49.36,57.21,73.84,145.02,22.84
501,17.75,1,53.16,56.34,86.93,165.84,19.55
502,17.83,1,49.69,55.18,72.48,138.45,20.58
503,17.92,1,49.95,58.06,75.89,141.79,26.84
504,18.0,1,45.72,57.23,54.86,114.68,23.82
505,18.08,1,64.11,63.43,145.68,268.5,27.85
506,18.17,1,45.43,54.93,63.29,131.27,23.35
507,18.25,1,41.21,55.41,52.32,102.7,24.55
508,18.33,1,44.78,53.6,77.76,152.4,24.84
509,18.42,1,33.63,53.59,55.02,116.73,21.16
510,18.5,1,42.54,51.45,51.05,99.73,19.24
511,18.58,1,46.66,58.1,64.73,128.87,28.4
512,18.67,1,41.86,54.91,65.27,129.95,18.52
513,18.75,1,47.14,61.04,71.85,136.0,18.31
514,18.83,1,39.75,50.64,58.7,116.78,17.68
515,18.92,1,43.76,50.02,52.51,108.24,16.17
516,19.0,1,36.75,54.04,54.68,116.94,21.52
517,19.08,1,42.77,51.3,74.89,142.73,20.64
518,19.17,1,39.8,54.14,73.98,144.89,24.46
519,19.25,1,37.8,54.38,55.5,109.27,9.67
520,19.33,1,29.15,48.88,65.05,128.05,18.13
521,19.42,1,36.86,52.05,46.3,90.38,18.19
522,19.5,1,38.09,52.94,54.23,106.77,18.14
523,19.58,1,39.85,54.61,69.95,143.49,15.8
524,19.67,1,42.01,55.08,71.29,138.95,20.68
525,19.75,1,43.28,52.04,66.86,130.72,17.76
526,19.83,1,40.13,56.71,54.2,103.3,26.11
527,19.92,1,33.41,50.14,46.12,98.47,20.86
528,20.0,1,56.8,61.6,77.36,153.48,62.43
529,20.08,1,60.08,63.46,78.47,151.89,52.37
530,20.17,1,58.94,63.84,86.78,175.71,62.59
531,20.25,1,39.59,54.92,61.77,118.52,23.06
532,20.33,1,42.21,54.26,56.36,106.23,18.93
533,20.42,1,41.11,53.63,61.49,120.21,19.53
534,20.5,1,38.05,52.94,45.66,87.96,15.58
535,20.58,1,34.33,52.65,58.91,117.24,17.35
536,20.67,1,36.87,49.36,64.97,127.32,21.48
537,20.75,1,37.63,53.22,52.86,110.91,16.73
538,20.83,1,30.97,47.17,45.88,90.3,17.89
539,20.92,1,29.31,51.89,52.23,105.67,27.51
540,21.0,1,28.17,48.41,49.66,100.31,13.13
541,21.08,1,27.49,46.54,54.17,111.66,18.2
542,21.17,1,25.42,47.3,39.29,75.07,12.22
543,21.25,1,30.84,48.9,46.72,89.61,11.77
544,21.33,1,26.18,46.46,44.65,87.48,19.74
545,21.42,1,26.66,43.38,38.46,73.81,15.04
546,21.5,1,31.59,47.17,50.96,104.8,24.29
547,21.58,1,29.51,48.0,42.01,88.73,19.65
548,21.67,1,30.12,45.18,54.49,113.53,14.39
549,21.75,1,33.15,48.74,47.3,94.4,14.78
550,21.83,1,31.16,48.02,54.41,105.63,20.67
551,21.92,1,33.22,48.39,66.51,124.99,14.09
552,22.0,1,27.96,49.13,51.98,110.08,12.67
553,22.08,1,33.11,48.14,56.14,109.93,11.4
554,22.17,1,28.52,48.01,38.31,75.34,19.62
555,22.25,1,27.65,46.74,59.3,120.48,13.67
556,22.33,1,31.99,49.16,62.31,120.47,19.44
557,22.42,1,23.64,48.85,42.12,80.48,10.7
558,22.5,1,33.61,50.48,52.25,99.72,11.85
559,22.58,1,25.37,47.16,38.94,80.54,19.22
560,22.67,1,21.94,43.34,55.65,104.8,14.85
561,22.75,1,28.35,49.01,55.29,109.09,14.37
562,22.83,1,24.61,47.24,38.46,74.9,14.21
563,22.92,1,32.89,50.78,63.26,119.14,16.29
564,23.0,1,24.17,43.46,54.71,106.04,24.18
565,23.08,1,26.67,45.83,46.84,95.11,17.73
566,23.17,1,20.48,47.09,36.83,77.89,15.68
567,23.25,1,28.23,46.33,40.93,88.3,14.04
568,23.33,1,22.58,48.3,47.76,92.05,18.79
569,23.42,1,27.66,46.35,44.77,97.55,12.31
570,23.5,1,23.67,45.95,39.66,94.99,17.99
571,23.58,1,17.95,42.71,36.45,73.52,16.59
572,23.67,1,25.54,44.8,39.1,71.54,20.45
573,23.75,1,25.35,44.74,57.64,105.05,8.46
574,23.83,1,28.1,46.24,56.47,109.16,21.53
575,23.92,1,30.45,49.0,52.15,100.41,19.03
576,0.0,2,47.04,57.95,64.64,126.37,41.76
577,0.08,2,43.38,54.69,60.67,121.75,35.23
578,0.17,2,41.34,53.54,57.88,107.75,41.73
579,0.25,2,35.39,53.35,47.63,94.87,42.61
580,0.33,2,41.13,53.59,66.94,127.96,37.22
581,0.42,2,25.87,45.56,40.91,93.81,13.06
582,0.5,2,24.48,44.02,38.77,72.89,11.07
583,0.58,2,27.45,49.89,41.43,80.77,15.12
584,0.67,2,29.23,47.49,58.11,114.76,12.95
585,0.75,2,22.52,43.98,35.96,70.96,24.31
586,0.83,2,22.56,43.82,52.22,109.66,19.09
587,0.92,2,25.09,48.72,42.8,81.94,11.85
588,1.0,2,23.53,44.44,33.27,65.31,12.04
589,1.08,2,20.05,46.01,42.82,93.17,9.09
590,1.17,2,22.44,44.64,49.02,92.29,15.01
591,1.25,2,21.75,42.37,34.23,75.79,22.54
592,1.33,2,30.44,48.03,52.03,101.39,22.4
593,1.42,2,32.32,49.48,56.33,108.3,18.87
594,1.5,2,22.69,44.98,42.99,84.84,14.5
595,1.58,2,28.61,47.59,45.66,86.59,19.36
596,1.67,2,29.93,47.83,57.97,118.88,18.6
597,1.75,2,21.84,43.26,39.2,81.24,17.19
598,1.83,2,27.82,47.54,43.54,92.83,17.75
599,1.92,2,61.77,63.88,138.58,265.32,27.22
600,2.0,2,30.05,45.6,37.01,79.33,11.83
601,2.08,2,27.04,49.77,49.18,91.26,16.28
602,2.17,2,26.17,39.38,45.79,87.57,17.48
603,2.25,2,21.29,44.73,47.65,100.02,13.58
604,2.33,2,30.26,49.55,60.36,118.92,12.57
605,2.42,2,35.69,49.85,55.87,113.81,18.94
606,2.5,2,26.29,42.58,54.13,106.99,33.16
607,2.58,2,22.63,44.99,37.66,75.64,12.36
608,2.67,2,27.35,47.65,46.63,97.19,16.27
609,2.75,2,33.05,47.57,53.23,97.18,23.31
610,2.83,2,28.75,46.28,62.14,120.25,24.28
611,2.92,2,27.68,49.38,37.99,78.71,14.59
612,3.0,2,30.92,49.15,52.58,105.69,21.59
613,3.08,2,31.97,46.37,47.8,89.57,21.16
614,3.17,2,26.63,47.88,44.56,83.95,14.63
615,3.25,2,31.05,47.11,49.53,97.19,20.26
616,3.33,2,30.4,47.13,52.06,103.4,16.91
617,3.42,2,30.24,49.0,62.06,129.49,15.05
618,3.5,2,29.27,48.38,65.33,123.21,24.19
619,3.58,2,36.47,50.61,64.01,122.76,21.71
620,3.67,2,31.27,48.06,44.69,98.41,11.09
621,3.75,2,26.91,46.61,45.89,97.92,16.22
622,3.83,2,35.18,49.27,59.3,111.17,16.72
623,3.92,2,37.16,53.9,56.34,114.79,18.45
624,4.0,2,56.39,57.24,80.45,158.98,62.43
625,4.08,2,57.6,60.44,83.55,161.37,61.84
626,4.17,2,57.67,58.03,90.38,166.82,66.42
627,4.25,2,59.12,63.48,90.18,169.35,65.93
628,4.33,2,40.42,52.71,58.62,112.38,15.25
629,4.42,2,36.55,49.33,63.6,127.12,18.74
630,4.5,2,40.28,54.5,77.14,146.7,12.28
631,4.58,2,34.36,45.88,44.13,88.11,14.6
632,4.67,2,36.82,52.13,55.68,107.22,10.82
633,4.75,2,41.91,56.16,61.19,112.34,14.21
634,4.83,2,36.17,51.63,59.04,129.25,24.64
635,4.92,2,42.95,53.31,51.94,105.51,23.75
636,5.0,2,37.62,49.45,71.04,145.23,21.87
637,5.08,2,39.12,54.77,62.32,116.6,24.48
638,5.17,2,46.52,57.79,73.21,149.36,24.08
639,5.25,2,39.57,51.52,63.95,123.12,19.55
640,5.33,2,42.04,52.68,61.31,123.01,18.15
641,5.42,2,44.12,57.23,73.53,147.31,27.81
642,5.5,2,43.18,55.5,66.86,137.9,26.02
643,5.58,2,43.72,51.1,52.46,104.19,20.05
644,5.67,2,43.06,53.99,65.81,123.43,23.82
645,5.75,2,39.13,52.15,59.74,117.46,9.78
646,5.83,2,45.35,55.9,74.99,147.94,24.59
647,5.92,2,42.0,53.91,87.01,163.94,18.5
648,6.0,2,47.72,55.45,75.28,143.39,32.78
649,6.08,2,50.24,57.96,92.24,168.3,27.16
650,6.17,2,39.55,51.9,56.97,107.66,12.0
651,6.25,2,51.12,64.83,71.36,140.67,19.93
652,6.33,2,45.3,55.63,67.39,135.72,21.57
653,6.42,2,46.72,55.99,74.46,149.54,21.51
654,6.5,2,44.42,58.67,63.18,135.1,20.75
655,6.58,2,48.7,54.19,60.55,126.43,26.11
656,6.67,2,48.71,56.7,73.63,141.78,20.01
657,6.75,2,52.67,56.8,69.06,129.63,22.88
658,6.83,2,46.73,57.3,80.01,152.73,27.79
659,6.92,2,55.57,59.02,86.83,163.54,30.06
660,7.0,2,52.5,59.79,71.93,140.3,27.04
661,7.08,2,50.91,58.93,79.74,157.99,21.33
662,7.17,2,50.38,59.23,71.07,140.33,19.77
663,7.25,2,50.36,58.71,75.01,152.9,22.42
664,7.33,2,51.0,57.5,75.86,148.53,22.86
665,7.42,2,52.84,55.98,75.72,139.92,23.07
666,7.5,2,51.92,60.38,83.95,158.26,25.21
667,7.58,2,50.81,60.68,67.02,132.65,24.15
668,7.67,2,54.06,57.45,84.17,162.65,24.79
669,7.75,2,50.92,59.39,78.54,157.91,20.86
670,7.83,2,78.37,67.93,155.33,289.63,24.8
671,7.92,2,53.84,59.63,73.25,140.97,26.24
672,8.0,2,73.14,68.73,94.02,171.36,52.08
673,8.08,2,74.54,67.69,101.51,188.69,53.82
674,8.17,2,74.91,68.9,105.28,201.04,54.02
675,8.25,2,57.22,62.45,76.24,148.29,16.2
676,8.33,2,57.99,60.88,92.35,179.2,31.38
677,8.42,2,55.7,58.71,90.3,174.79,21.66
678,8.5,2,59.55,59.35,96.33,182.83,30.38
679,8.58,2,60.29,61.35,72.34,135.21,26.77
680,8.67,2,52.37,56.22,93.43,178.18,18.78
681,8.75,2,59.51,61.03,87.74,167.71,22.05
682,8.83,2,63.3,62.55,91.34,181.27,23.07
683,8.92,2,57.58,62.52,83.28,166.55,21.87
684,9.0,2,57.13,60.86,72.99,138.98,17.21
685,9.08,2,57.98,66.18,87.45,164.3,21.3
686,9.17,2,54.48,55.49,93.27,171.12,27.49
687,9.25,2,60.48,62.84,88.81,169.03,29.4
688,9.33,2,60.43,61.29,78.59,149.09,22.4
689,9.42,2,61.29,60.67,76.34,160.45,17.83
690,9.5,2,86.36,73.8,176.37,321.88,34.11
691,9.58,2,58.34,61.04,79.05,152.58,20.27
692,9.67,2,62.34,65.21,95.43,178.56,21.58
693,9.75,2,63.18,63.61,101.78,193.33,24.66
694,9.83,2,60.16,60.69,90.95,172.04,23.53
695,9.92,2,63.57,64.27,90.6,177.14,22.73
696,10.0,2,62.6,62.71,89.06,172.52,22.85
697,10.08,2,60.33,59.9,87.96,172.22,23.07
698,10.17,2,63.73,63.18,82.2,154.19,23.08
699,10.25,2,61.92,63.33,94.12,184.82,22.88
700,10.33,2,65.57,64.65,85.03,160.65,25.17
701,10.42,2,62.47,63.77,98.89,180.97,27.03
702,10.5,2,58.96,60.48,82.85,158.22,25.74
703,10.58,2,64.57,64.69,99.14,189.01,23.97
704,10.67,2,64.6,64.31,80.73,149.07,24.88
705,10.75,2,60.15,62.33,93.78,183.16,30.42
706,10.83,2,66.7,65.08,105.94,196.64,30.62
707,10.92,2,66.64,69.34,84.72,158.23,28.85
708,11.0,2,61.27,64.79,87.62,167.72,18.23
709,11.08,2,62.12,63.54,92.22,180.28,25.96
710,11.17,2,64.03,62.21,94.91,174.75,23.31
711,11.25,2,61.96,62.3,86.64,170.65,21.66
712,11.33,2,66.94,68.35,91.2,164.16,25.3
713,11.42,2,65.29,63.25,95.37,183.32,30.51
714,11.5,2,61.0,62.12,91.02,168.19,28.8
715,11.58,2,62.0,62.46,84.38,157.9,23.02
716,11.67,2,69.08,66.82,91.3,183.02,27.61
717,11.75,2,70.33,65.78,109.09,201.42,25.9
718,11.83,2,66.87,65.44,96.1,182.7,25.76
719,11.92,2,64.26,63.09,77.11,143.46,30.05
720,12.0,2,83.96,75.41,125.49,239.72,61.48
721,12.08,2,87.41,72.96,115.12,219.26,55.57
722,12.17,2,85.74,75.54,118.42,225.91,62.73
723,12.25,2,79.82,69.75,113.78,220.46,67.96
724,12.33,2,89.03,73.36,109.97,206.25,60.2
725,12.42,2,69.59,64.91,96.2,188.53,33.59
726,12.5,2,67.41,61.91,106.43,209.03,29.32
727,12.58,2,60.95,63.3,96.85,185.75,29.94
728,12.67,2,62.47,60.78,87.64,162.22,29.12
729,12.75,2,58.11,60.44,90.46,166.81,25.24
730,12.83,2,70.11,68.07,105.91,202.86,25.08
731,12.92,2,63.18,64.89,97.19,179.4,26.5
732,13.0,2,72.49,64.75,92.81,170.35,29.05
733,13.08,2,71.04,67.59,113.38,218.51,31.65
734,13.17,2,83.3,74.76,167.21,308.68,21.82
735,13.25,2,61.46,61.38,89.63,183.42,19.65
736,13.33,2,65.43,65.47,90.7,169.97,27.3
737,13.42,2,57.5,58.59,85.84,162.02,25.71
738,13.5,2,61.94,63.65,82.42,160.15,22.02
739,13.58,2,61.42,62.9,86.91,167.45,26.78
740,13.67,2,69.61,67.64,99.99,189.56,30.11
741,13.75,2,63.5,64.77,101.0,191.26,25.1
742,13.83,2,61.74,60.08,97.92,202.48,31.15
743,13.92,2,60.32,62.42,96.63,192.23,31.55
744,14.0,2,65.45,67.36,100.49,195.1,26.85
745,14.08,2,60.36,57.79,102.21,187.84,28.45
746,14.17,2,61.69,64.7,86.71,165.71,18.64
747,14.25,2,59.39,64.93,85.01,166.32,29.14
748,14.33,2,56.07,57.26,80.69,158.99,29.88
749,14.42,2,57.64,59.6,83.68,167.02,20.35
750,14.5,2,59.11,62.64,74.44,140.79,27.24
751,14.58,2,59.68,60.08,88.73,169.52,17.42
752,14.67,2,59.55,64.53,90.43,169.0,21.74
753,14.75,2,59.73,63.99,84.61,168.97,22.85
754,14.83,2,58.04,58.35,70.58,140.54,18.61
755,14.92,2,64.17,62.39,92.17,173.38,25.09
756,15.0,2,62.46,64.65,79.59,154.39,24.4
757,15.08,2,58.36,62.72,88.45,169.46,27.06
758,15.17,2,59.4,66.17,87.24,162.63,18.79
759,15.25,2,56.88,58.84,85.0,167.65,26.71
760,15.33,2,47.9,59.48,64.0,125.58,18.82
761,15.42,2,57.59,59.09,94.2,176.92,19.28
762,15.5,2,58.24,62.21,86.26,160.77,23.78
763,15.58,2,51.18,59.82,69.1,138.66,25.81
764,15.67,2,58.22,55.21,89.5,172.44,22.62
765,15.75,2,55.13,61.63,81.94,154.01,25.84
766,15.83,2,56.93,63.39,98.01,183.93,25.35
767,15.92,2,54.5,61.72,75.98,146.78,36.16
768,16.0,2,75.74,73.19,95.9,182.95,52.22
769,16.08,2,71.77,69.23,103.44,197.15,51.82
770,16.17,2,74.1,67.27,112.02,202.79,57.5
771,16.25,2,57.64,63.42,102.75,195.56,24.2
772,16.33,2,49.53,56.1,101.79,187.13,23.39
773,16.42,2,50.47,57.88,63.15,130.76,15.59
774,16.5,2,54.23,61.07,79.0,157.41,23.07
775,16.58,2,50.97,58.83,66.21,134.96,19.92
776,16.67,2,51.01,60.65,74.23,133.61,20.83
777,16.75,2,55.93,65.15,101.94,191.99,25.01
778,16.83,2,49.93,55.19,68.36,132.65,22.26
779,16.92,2,47.21,55.59,71.47,141.52,24.89
780,17.0,2,47.26,56.9,67.06,135.22,25.63
781,17.08,2,57.39,59.9,75.84,152.94,23.64
782,17.17,2,48.71,56.77,87.79,158.02,23.37
783,17.25,2,44.13,56.41,55.64,106.14,12.9
784,17.33,2,42.28,55.31,65.08,127.43,21.83
785,17.42,2,45.86,56.13,70.73,141.46,25.68
786,17.5,2,46.92,56.41,71.04,141.89,18.09
787,17.58,2,50.5,57.28,73.07,143.91,25.65
788,17.67,2,49.73,60.19,87.59,164.47,20.62
789,17.75,2,46.29,59.16,55.54,107.43,19.26
790,17.83,2,44.28,56.96,71.63,135.79,26.77
791,17.92,2,46.62,53.68,74.8,139.73,21.52
792,18.0,2,38.88,51.97,63.95,120.14,23.19
793,18.08,2,51.5,58.57,70.15,130.82,15.06
794,18.17,2,46.42,54.01,80.34,156.29,19.16
795,18.25,2,46.73,56.19,80.31,155.18,24.53
796,18.33,2,39.5,52.82,55.47,105.21,20.37
797,18.42,2,47.31,58.46,62.19,113.39,21.09
798,18.5,2,40.78,52.35,52.81,103.2,22.61
799,18.58,2,38.62,54.71,63.15,131.07,16.33
800,18.67,2,41.39,51.71,65.04,127.11,25.22
801,18.75,2,40.88,51.76,61.17,124.1,19.37
802,18.83,2,36.9,50.84,75.93,147.57,15.96
803,18.92,2,37.11,51.8,55.85,110.24,16.28
804,19.0,2,36.42,46.55,60.2,111.0,18.78
805,19.08,2,36.03,52.13,56.68,109.99,17.3
806,19.17,2,37.63,55.35,75.86,143.87,21.51
807,19.25,2,64.69,65.41,155.06,296.52,25.99
808,19.33,2,35.74,50.66,55.41,110.65,17.51
809,19.42,2,41.41,51.46,69.61,141.68,21.77
810,19.5,2,40.23,49.48,61.49,126.33,17.94
811,19.58,2,33.27,46.69,44.49,85.85,20.28
812,19.67,2,39.9,52.69,64.29,125.74,21.28
813,19.75,2,29.27,52.39,37.16,85.3,18.46
814,19.83,2,44.27,49.49,73.48,145.08,19.63
815,19.92,2,39.93,54.37,59.61,119.81,17.46
816,20.0,2,51.04,56.61,71.59,143.43,52.99
817,20.08,2,53.96,58.61,88.12,171.02,52.94
818,20.17,2,47.35,54.43,63.79,127.55,44.8
819,20.25,2,34.1,47.61,43.58,89.96,16.79
820,20.33,2,32.89,50.05,47.18,93.22,23.58
821,20.42,2,30.25,49.14,67.68,126.53,21.5
822,20.5,2,31.18,50.37,44.39,80.62,13.12
823,20.58,2,30.5,45.35,54.52,106.49,17.67
824,20.67,2,28.18,49.43,55.57,112.2,18.72
825,20.75,2,28.81,49.75,42.05,86.89,21.18
826,20.83,2,26.44,47.75,39.22,83.78,17.12
827,20.92,2,34.17,49.53,57.45,112.77,20.48
828,21.0,2,27.6,48.03,49.92,113.46,20.62
829,21.08,2,26.28,46.5,57.31,123.3,20.83
830,21.17,2,33.2,51.88,48.69,90.05,17.58
831,21.25,2,31.26,48.33,49.49,102.36,18.0
832,21.33,2,32.49,49.84,76.7,152.91,15.09
833,21.42,2,32.61,46.2,39.79,71.62,17.06
834,21.5,2,35.91,51.77,43.1,88.41,17.35
835,21.58,2,28.32,46.25,37.93,80.85,16.33
836,21.67,2,23.52,46.61,52.03,103.63,15.5
837,21.75,2,29.32,49.77,46.68,95.95,20.58
838,21.83,2,25.79,45.39,42.44,86.79,17.84
839,21.92,2,24.55,46.11,36.74,79.64,11.02
840,22.0,2,28.03,47.96,55.98,118.51,19.21
841,22.08,2,30.5,49.46,40.65,87.03,15.43
842,22.17,2,24.33,47.53,39.55,87.06,11.73
843,22.25,2,31.52,50.5,45.42,86.47,13.31
844,22.33,2,23.41,44.77,28.09,70.7,16.53
845,22.42,2,25.84,49.82,42.18,87.5,20.7
846,22.5,2,27.87,49.05,47.98,94.4,16.13
847,22.58,2,25.0,49.06,38.8,81.91,20.0
848,22.67,2,19.99,44.69,36.84,73.59,15.34
849,22.75,2,29.31,49.0,48.23,97.5,8.7
850,22.83,2,23.74,45.45,42.43,87.88,18.38
851,22.92,2,28.41,46.9,40.65,79.75,14.93
852,23.0,2,21.26,46.52,31.62,67.69,12.07
853,23.08,2,21.75,45.31,41.47,81.14,17.91
854,23.17,2,28.49,47.56,37.38,73.75,17.66
855,23.25,2,26.58,44.91,45.18,86.27,16.37
856,23.33,2,23.77,48.81,56.61,110.02,16.33
857,23.42,2,26.48,47.14,46.46,90.87,13.23
858,23.5,2,21.83,42.37,26.59,60.22,22.54
859,23.58,2,25.5,46.64,47.04,100.16,17.07
860,23.67,2,25.53,46.08,52.18,107.23,17.02
861,23.75,2,23.73,45.2,37.12,81.68,15.59
862,23.83,2,22.1,46.1,39.12,84.86,9.06
863,23.92,2,25.25,45.96,38.28,74.27,13.61
864,0.0,3,54.56,58.94,76.77,146.52,63.37
865,0.08,3,53.12,61.63,73.42,151.06,62.62
866,0.17,3,80.01,67.52,186.63,343.22,68.46
867,0.25,3,54.83,59.57,94.07,188.59,65.79
868,0.33,3,23.45,47.41,43.6,86.4,15.95
869,0.42,3,21.5,45.93,28.46,51.23,9.69
870,0.5,3,25.32,48.44,65.62,126.89,19.13
871,0.58,3,30.86,52.93,56.7,116.29,18.91
872,0.67,3,24.02,49.21,50.12,108.53,15.08
873,0.75,3,30.63,46.47,51.24,94.85,26.31
874,0.83,3,32.87,46.57,56.31,115.5,17.26
875,0.92,3,22.24,45.66,38.95,84.57,18.75
876,1.0,3,25.71,43.86,53.09,112.06,17.27
877,1.08,3,33.16,46.07,50.98,91.76,24.05
878,1.17,3,51.72,58.91,146.52,282.02,27.27
879,1.25,3,26.19,47.92,54.18,109.73,15.35
880,1.33,3,20.36,47.58,49.4,101.21,14.04
881,1.42,3,24.5,47.56,52.65,109.97,10.76
882,1.5,3,28.47,51.65,40.97,73.75,17.58
883,1.58,3,35.2,51.55,69.82,140.75,21.42
884,1.67,3,26.19,44.51,51.74,115.01,16.3
885,1.75,3,21.24,46.2,42.94,80.44,20.91
886,1.83,3,22.34,47.72,45.18,91.0,16.17
887,1.92,3,27.34,48.09,46.54,93.96,21.82
888,2.0,3,31.8,52.21,49.43,100.75,17.3
889,2.08,3,30.13,48.31,48.21,98.91,12.89
890,2.17,3,29.74,49.48,61.0,116.44,14.94
891,2.25,3,32.95,49.48,55.19,109.54,18.11
892,2.33,3,26.1,51.5,48.57,106.14,13.53
893,2.42,3,28.94,49.7,50.21,102.4,10.61
894,2.5,3,27.31,45.06,42.43,88.22,8.82
895,2.58,3,28.45,51.51,34.14,67.88,21.17
896,2.67,3,26.16,45.3,52.54,111.26,18.08
897,2.75,3,28.76,47.97,54.81,107.58,18.29
898,2.83,3,30.16,49.51,51.1,91.98,18.21
899,2.92,3,29.25,49.26,41.38,86.59,15.12
900,3.0,3,30.29,49.6,65.92,132.19,20.75
901,3.08,3,32.59,47.4,51.38,100.98,11.19
902,3.17,3,35.82,52.09,59.97,107.95,10.62
903,3.25,3,36.4,53.58,53.06,99.92,18.29
904,3.33,3,34.81,52.81,45.97,92.18,19.22
905,3.42,3,28.07,45.03,53.4,104.17,13.48
906,3.5,3,31.56,47.89,40.87,85.77,11.52
907,3.58,3,66.45,62.81,182.17,340.86,28.98
908,3.67,3,31.23,49.73,54.33,105.61,16.16
909,3.75,3,35.09,47.69,48.15,89.67,21.55
910,3.83,3,28.67,45.66,39.04,87.53,22.39
911,3.92,3,40.55,51.92,57.5,116.3,13.72
912,4.0,3,54.88,56.1,75.84,149.86,48.12
913,4.08,3,52.75,58.68,66.06,130.83,47.73
914,4.17,3,35.55,46.78,48.66,103.07,21.86
915,4.25,3,40.46,54.18,64.15,123.57,17.98
916,4.33,3,38.96,51.74,77.67,153.95,19.96
917,4.42,3,40.82,52.12,72.04,143.02,23.14
918,4.5,3,37.14,50.79,60.85,122.71,21.04
919,4.58,3,44.01,54.69,76.84,142.34,27.24
920,4.67,3,42.24,55.2,74.94,145.58,17.09
921,4.75,3,40.35,55.79,60.99,121.71,20.92
922,4.83,3,43.38,56.55,69.12,143.31,20.5
923,4.92,3,37.94,56.53,68.35,133.52,18.66
924,5.0,3,35.74,52.43,66.8,135.65,21.29
925,5.08,3,41.37,53.9,73.64,135.12,20.81
926,5.17,3,40.47,52.3,55.35,106.05,15.85
927,5.25,3,40.41,52.34,72.89,143.39,23.91
928,5.33,3,45.78,56.68,84.81,164.8,23.81
929,5.42,3,42.54,52.15,78.0,146.81,26.53
930,5.5,3,43.31,54.95,58.29,119.7,23.74
931,5.58,3,41.68,53.72,54.32,106.93,19.57
932,5.67,3,46.34,54.4,74.33,142.84,20.76
933,5.75,3,46.15,53.66,82.18,157.53,25.68
934,5.83,3,47.19,61.28,73.43,148.87,18.73
935,5.92,3,42.82,51.48,64.51,131.56,17.09
936,6.0,3,49.56,57.17,73.76,152.18,23.27
937,6.08,3,51.87,60.79,85.41,166.49,16.99
938,6.17,3,48.82,58.03,71.01,147.47,23.6
939,6.25,3,43.48,53.62,71.02,139.02,22.75
940,6.33,3,43.94,52.39,66.68,129.39,20.0
941,6.42,3,45.86,55.9,62.93,121.08,27.1
942,6.5,3,45.64,50.26,62.03,120.77,25.92
943,6.58,3,47.79,56.85,76.55,147.16,18.84
944,6.67,3,50.69,57.88,60.82,116.05,25.29
945,6.75,3,49.92,59.6,78.73,148.77,26.42
946,6.83,3,50.04,55.23,73.68,145.66,22.84
947,6.92,3,48.91,56.36,81.26,153.83,20.5
948,7.0,3,49.92,58.34,79.71,144.98,18.04
949,7.08,3,53.38,59.43,79.42,144.2,21.11
950,7.17,3,43.97,52.1,59.23,106.61,16.65
951,7.25,3,51.39,56.83,68.56,126.32,26.5
952,7.33,3,52.85,61.58,73.26,135.87,22.19
953,7.42,3,54.99,60.26,87.94,163.42,25.83
954,7.5,3,49.12,53.78,88.09,170.0,27.32
955,7.58,3,49.33,58.97,76.84,141.95,23.18
956,7.67,3,55.5,56.77,76.88,143.79,28.58
957,7.75,3,47.18,55.62,67.74,122.77,20.39
958,7.83,3,58.9,62.63,82.17,154.6,26.27
959,7.92,3,55.41,62.36,89.82,175.29,24.67
960,8.0,3,85.66,68.87,114.12,215.31,66.42
961,8.08,3,76.78,70.97,106.78,202.62,65.76
962,8.17,3,79.42,72.46,121.07,227.91,73.32
963,8.25,3,72.89,66.69,97.93,179.84,64.65
964,8.33,3,53.69,59.34,83.88,158.94,16.77
965,8.42,3,56.18,54.18,89.62,172.43,22.66
966,8.5,3,50.31,52.14,75.87,151.42,19.56
967,8.58,3,56.14,62.48,98.0,188.21,25.86
968,8.67,3,50.9,56.83,89.4,175.33,25.18
969,8.75,3,57.29,60.09,85.85,159.09,25.75
970,8.83,3,62.53,63.61,83.6,152.97,23.99
971,8.92,3,58.71,60.69,79.4,144.15,24.91
972,9.0,3,64.95,63.31,94.64,184.43,24.98
973,9.08,3,62.2,63.78,80.92,148.46,19.76
974,9.17,3,64.46,61.02,94.51,185.42,25.67
975,9.25,3,57.36,63.13,97.34,182.98,34.89
976,9.33,3,57.56,60.44,84.57,170.57,20.27
977,9.42,3,61.81,60.8,89.02,167.99,18.03
978,9.5,3,55.35,57.62,88.24,166.86,29.53
979,9.58,3,62.78,63.34,94.53,180.49,27.49
980,9.67,3,60.25,61.5,78.11,148.53,26.25
981,9.75,3,66.28,61.73,90.9,175.71,25.14
982,9.83,3,64.25,62.71,107.25,197.82,26.97
983,9.92,3,65.94,63.05,96.73,185.04,26.69
984,10.0,3,59.68,64.38,78.57,147.66,30.16
985,10.08,3,66.2,65.05,92.91,176.21,30.22
986,10.17,3,67.8,68.65,82.1,150.9,29.36
987,10.25,3,62.8,61.84,75.5,150.27,22.97
988,10.33,3,60.54,61.66,95.5,180.13,26.05
989,10.42,3,60.78,63.12,87.9,172.8,22.73
990,10.5,3,67.81,66.72,100.53,187.27,31.87
991,10.58,3,73.04,69.31,111.91,211.38,25.4
992,10.67,3,60.36,60.39,90.15,176.89,24.55
993,10.75,3,60.23,60.39,93.15,171.78,20.71
994,10.83,3,67.3,64.57,97.82,181.66,24.83
995,10.92,3,61.56,65.66,99.17,192.55,23.35
996,11.0,3,67.88,63.55,110.65,215.9,26.36
997,11.08,3,66.06,63.67,95.86,182.63,22.92
998,11.17,3,64.44,65.46,93.59,173.62,30.97
999,11.25,3,66.16,66.12,96.95,182.93,25.79
1000,11.33,3,66.03,65.82,93.39,187.95,24.37
1001,11.42,3,64.14,64.02,88.76,163.11,29.11
1002,11.5,3,58.68,59.28,93.8,181.49,33.32
1003,11.58,3,65.51,63.1,90.42,173.38,24.76
1004,11.67,3,70.43,68.95,95.86,176.77,26.63
1005,11.75,3,59.33,63.24,93.38,176.51,21.88
1006,11.83,3,61.6,60.05,96.72,175.08,28.05
1007,11.92,3,66.49,66.66,113.45,215.66,30.44
1008,12.0,3,81.11,74.12,122.09,231.93,54.06
1009,12.08,3,82.41,72.19,120.51,220.08,52.81
1010,12.17,3,62.53,63.99,97.81,188.84,27.77
1011,12.25,3,69.03,68.08,96.65,180.64,30.22
1012,12.33,3,65.09,62.9,97.6,181.91,32.49
1013,12.42,3,67.32,69.95,100.66,186.31,24.5
1014,12.5,3,65.95,67.12,89.8,174.95,29.9
1015,12.58,3,65.38,65.47,93.07,169.15,26.77
1016,12.67,3,66.89,65.03,102.89,187.25,19.79
1017,12.75,3,65.27,65.36,93.17,174.75,32.41
1018,12.83,3,60.36,59.04,92.32,173.4,26.28
1019,12.92,3,68.23,69.87,104.05,200.43,29.49
1020,13.0,3,67.18,67.49,102.42,193.9,30.58
1021,13.08,3,56.83,63.5,97.04,184.22,26.59
1022,13.17,3,61.78,62.86,84.49,153.99,21.58
1023,13.25,3,67.59,64.69,109.24,205.49,29.6
1024,13.33,3,57.4,59.48,87.67,157.81,26.34
1025,13.42,3,66.94,66.75,102.0,194.79,20.06
1026,13.5,3,62.98,62.32,96.16,186.47,32.41
1027,13.58,3,68.0,65.22,101.77,189.28,25.49
1028,13.67,3,63.12,64.5,85.65,166.04,29.76
1029,13.75,3,60.41,60.87,93.87,176.77,23.76
1030,13.83,3,63.82,65.81,80.07,160.29,23.82
1031,13.92,3,62.43,63.06,106.68,203.16,25.29
1032,14.0,3,59.48,58.75,89.43,165.79,33.36
1033,14.08,3,69.86,65.1,108.11,210.46,35.52
1034,14.17,3,58.47,63.93,90.62,177.25,22.48
1035,14.25,3,53.78,57.33,79.83,151.63,28.43
1036,14.33,3,66.92,66.9,90.98,176.24,26.82
1037,14.42,3,59.09,61.83,80.06,156.51,32.84
1038,14.5,3,59.83,61.58,93.03,175.32,29.57
1039,14.58,3,59.35,66.73,92.03,175.98,25.95
1040,14.67,3,58.33,58.68,89.46,172.25,24.91
1041,14.75,3,57.36,59.33,82.88,155.81,26.77
1042,14.83,3,56.26,60.27,85.81,171.2,26.0
1043,14.92,3,59.67,66.68,83.23,149.92,20.51
1044,15.0,3,57.74,60.94,78.84,155.29,25.27
1045,15.08,3,61.39,63.17,86.45,159.51,22.74
1046,15.17,3,60.2,61.42,85.37,162.46,22.93
1047,15.25,3,54.94,60.44,92.64,168.77,28.19
1048,15.33,3,58.24,60.66,73.96,136.54,25.37
1049,15.42,3,56.06,61.62,82.0,157.17,22.2
1050,15.5,3,53.7,60.72,84.5,162.47,18.58
1051,15.58,3,59.24,61.19,101.97,198.85,21.71
1052,15.67,3,56.05,57.97,77.4,147.32,23.77
1053,15.75,3,54.68,59.8,71.69,142.13,30.41
1054,15.83,3,52.75,61.54,84.09,161.3,18.99
1055,15.92,3,51.78,56.65,78.45,154.1,24.12
1056,16.0,3,91.09,76.66,122.55,225.12,78.1
1057,16.08,3,84.92,70.8,120.41,227.18,79.82
1058,16.17,3,79.55,68.72,117.35,223.1,74.09
1059,16.25,3,99.5,82.38,202.93,372.8,80.21
1060,16.33,3,86.3,75.22,120.98,229.66,80.0
1061,16.42,3,53.64,59.84,89.9,174.21,20.3
1062,16.5,3,57.46,56.21,85.53,161.37,27.53
1063,16.58,3,46.85,54.98,71.56,142.69,16.14
1064,16.67,3,44.87,56.41,74.56,134.2,21.47
1065,16.75,3,52.34,55.66,67.72,122.33,22.14
1066,16.83,3,51.98,57.68,82.3,152.98,20.11
1067,16.92,3,38.91,54.04,59.26,118.08,23.62
1068,17.0,3,47.99,53.57,61.95,117.74,26.11
1069,17.08,3,46.22,52.44,73.87,136.28,25.83
1070,17.17,3,44.46,52.02,64.68,125.99,22.63
1071,17.25,3,45.36,56.08,56.52,112.24,16.41
1072,17.33,3,50.56,56.64,68.7,130.48,21.32
1073,17.42,3,44.48,56.77,81.9,151.49,25.14
1074,17.5,3,44.17,55.12,63.55,124.43,25.01
1075,17.58,3,41.51,57.44,67.4,135.29,25.16
1076,17.67,3,51.18,55.56,67.75,125.88,24.05
1077,17.75,3,47.83,57.19,89.2,178.47,21.23
1078,17.83,3,37.15,50.13,60.13,115.41,11.43
1079,17.92,3,42.0,55.1,59.93,114.68,23.95
1080,18.0,3,46.85,56.32,78.3,151.61,21.32
1081,18.08,3,49.05,55.09,90.26,172.98,17.25
1082,18.17,3,47.07,55.87,68.22,122.79,24.82
1083,18.25,3,42.45,54.25,60.3,118.01,26.29
1084,18.33,3,36.5,50.23,77.16,151.77,22.59
1085,18.42,3,45.87,57.1,69.06,139.45,24.17
1086,18.5,3,41.35,51.55,62.73,122.33,24.07
1087,18.58,3,42.2,58.17,50.64,99.37,10.55
1088,18.67,3,40.91,55.32,63.82,128.5,27.11
1089,18.75,3,36.35,52.06,47.78,104.96,15.92
1090,18.83,3,41.95,59.57,60.85,120.01,17.67
1091,18.92,3,41.04,52.85,49.25,97.73,18.38
1092,19.0,3,38.33,53.47,70.88,143.87,18.16
1093,19.08,3,41.05,53.92,52.53,98.9,26.26
1094,19.17,3,34.18,51.97,41.01,84.14,20.72
1095,19.25,3,37.63,54.93,52.89,117.24,16.69
1096,19.33,3,38.25,53.31,70.88,139.85,17.45
1097,19.42,3,31.68,51.34,49.45,102.85,27.9
1098,19.5,3,37.15,50.62,57.09,111.11,20.7
1099,19.58,3,39.51,52.37,66.24,132.17,18.15
1100,19.67,3,35.49,54.25,56.37,117.55,12.38
1101,19.75,3,36.03,52.41,68.15,125.09,12.31
1102,19.83,3,37.73,52.48,58.36,114.57,14.97
1103,19.92,3,34.02,48.8,54.04,109.02,18.89
1104,20.0,3,61.08,64.42,106.41,201.26,70.4
1105,20.08,3,57.63,59.37,84.6,159.84,67.56
1106,20.17,3,61.33,60.45,90.44,179.76,70.72
1107,20.25,3,32.72,49.95,52.58,105.66,20.44
1108,20.33,3,35.28,46.07,42.33,82.69,13.92
1109,20.42,3,35.15,52.04,64.16,130.41,20.49
1110,20.5,3,35.59,51.77,71.0,144.74,20.77
1111,20.58,3,30.7,48.11,61.89,127.1,17.2
1112,20.67,3,24.53,45.51,39.97,79.86,14.91
1113,20.75,3,34.41,50.25,54.9,106.97,18.01
1114,20.83,3,33.0,48.27,57.39,108.1,12.06
1115,20.92,3,28.95,48.39,52.25,105.31,11.91
1116,21.0,3,64.51,63.53,177.14,334.34,36.29
1117,21.08,3,25.48,46.69,47.2,97.79,11.36
1118,21.17,3,33.86,49.93,52.74,113.7,11.4
1119,21.25,3,28.8,47.25,50.65,91.47,14.32
1120,21.33,3,26.78,47.61,55.12,109.92,18.53
1121,21.42,3,27.23,48.81,71.0,141.96,19.05
1122,21.5,3,28.32,46.7,45.0,87.95,12.98
1123,21.58,3,28.83,48.76,51.4,96.87,17.59
1124,21.67,3,28.79,48.99,46.64,87.91,15.02
1125,21.75,3,26.87,44.52,49.7,99.98,17.48
1126,21.83,3,28.83,49.93,57.4,107.17,16.04
1127,21.92,3,27.93,51.68,46.85,101.7,14.21
1128,22.0,3,25.41,46.26,30.5,67.47,13.76
1129,22.08,3,24.67,45.76,52.83,104.1,7.37
1130,22.17,3,29.39,47.8,51.31,101.96,16.46
1131,22.25,3,28.9,49.25,46.94,99.9,16.92
1132,22.33,3,27.07,48.2,42.97,94.04,11.13
1133,22.42,3,29.93,45.29,53.4,101.46,16.14
1134,22.5,3,19.66,42.11,33.02,65.77,13.89
1135,22.58,3,24.38,46.99,39.63,79.55,8.68
1136,22.67,3,22.16,44.68,31.6,63.76,12.45
1137,22.75,3,33.96,47.95,50.29,91.5,15.28
1138,22.83,3,28.42,50.79,54.15,103.4,17.82
1139,22.92,3,25.52,44.89,34.58,68.72,21.36
1140,23.0,3,28.43,47.86,58.33,109.0,17.3
1141,23.08,3,29.48,47.92,40.94,85.9,22.01
1142,23.17,3,29.34,46.05,51.41,101.91,16.45
1143,23.25,3,28.61,48.24,53.21,108.87,18.64
1144,23.33,3,24.38,46.76,50.86,96.62,16.36
1145,23.42,3,23.48,44.63,49.77,102.76,25.52
1146,23.5,3,21.8,44.14,40.49,83.61,14.84
1147,23.58,3,26.88,48.3,45.88,89.84,19.85
1148,23.67,3,24.52,42.08,49.2,106.57,16.94
1149,23.75,3,23.58,43.92,45.52,92.5,20.4
1150,23.83,3,23.37,45.94,40.28,79.87,18.37
1151,23.92,3,30.08,47.48,54.06,108.72,18.88
1152,0.0,4,43.57,53.53,65.95,123.98,39.19
1153,0.08,4,46.65,57.8,66.18,128.23,40.31
1154,0.17,4,26.87,45.83,44.22,99.74,14.25
1155,0.25,4,25.24,50.32,49.18,89.68,15.14
1156,0.33,4,24.99,42.74,37.56,74.97,16.69
1157,0.42,4,21.55,40.27,49.71,98.74,12.93
1158,0.5,4,20.76,46.1,35.45,71.98,7.28
1159,0.58,4,27.01,45.19,32.41,65.84,20.86
1160,0.67,4,22.03,42.98,45.86,101.01,17.3
1161,0.75,4,26.12,48.73,31.35,63.65,16.77
1162,0.83,4,29.38,47.23,42.16,87.87,22.36
1163,0.92,4,23.24,47.28,62.27,119.03,12.6
1164,1.0,4,32.72,48.5,62.74,124.93,17.66
1165,1.08,4,22.33,45.77,49.62,103.99,16.22
1166,1.17,4,29.39,47.2,41.32,84.0,15.69
1167,1.25,4,27.55,45.56,46.56,90.96,13.7
1168,1.33,4,30.39,52.13,61.39,119.89,21.1
1169,1.42,4,22.45,47.34,47.06,97.38,16.75
1170,1.5,4,34.6,49.12,65.6,132.42,21.15
1171,1.58,4,26.07,46.37,60.53,120.25,13.22
1172,1.67,4,29.24,51.11,55.37,109.27,20.63
1173,1.75,4,32.12,47.48,43.7,95.05,15.54
1174,1.83,4,25.14,44.45,49.96,96.79,17.27
1175,1.92,4,30.36,49.6,49.54,97.11,25.51
1176,2.0,4,24.98,50.78,34.65,81.34,19.65
1177,2.08,4,32.79,49.86,61.51,120.23,19.55
1178,2.17,4,25.47,48.56,55.18,112.62,21.77
1179,2.25,4,28.51,45.79,48.46,92.79,14.85
1180,2.33,4,29.69,49.08,53.19,110.75,19.38
1181,2.42,4,31.62,48.51,37.94,72.54,14.58
1182,2.5,4,36.02,54.94,67.22,124.87,17.56
1183,2.58,4,27.82,50.72,54.73,112.98,23.32
1184,2.67,4,33.66,54.71,57.4,111.51,19.51
1185,2.75,4,36.86,50.2,49.21,97.37,24.84
1186,2.83,4,52.31,58.61,118.3,225.09,22.67
1187,2.92,4,28.63,48.63,65.57,126.57,22.04
1188,3.0,4,24.8,44.85,36.77,70.94,16.41
1189,3.08,4,37.76,52.25,61.39,117.66,19.98
1190,3.17,4,30.63,50.6,44.01,84.34,17.75
1191,3.25,4,28.31,46.64,33.97,76.95,18.52
1192,3.33,4,27.39,45.92,51.45,108.64,15.81
1193,3.42,4,28.97,46.5,54.6,104.07,11.69
1194,3.5,4,36.04,48.53,44.9,93.0,18.87
1195,3.58,4,36.88,53.3,68.12,131.25,19.75
1196,3.67,4,35.81,49.7,53.76,114.07,25.49
1197,3.75,4,34.35,48.84,47.56,107.46,9.55
1198,3.83,4,29.89,49.51,41.69,88.7,23.94
1199,3.92,4,32.07,49.41,60.45,116.25,22.21
1200,4.0,4,56.39,59.32,67.67,126.01,64.74
1201,4.08,4,62.65,64.81,80.24,155.66,64.17
1202,4.17,4,57.31,59.66,87.22,166.22,58.14
1203,4.25,4,33.65,45.79,57.77,106.78,26.22
1204,4.33,4,35.91,53.82,49.91,100.24,23.91
1205,4.42,4,31.1,47.34,62.61,133.26,18.78
1206,4.5,4,37.51,50.44,51.11,106.02,20.52
1207,4.58,4,37.38,50.39,58.18,108.92,18.91
1208,4.67,4,42.3,54.16,63.04,123.38,22.95
1209,4.75,4,35.7,50.52,55.15,111.13,18.75
1210,4.83,4,34.44,52.47,54.76,111.04,19.84
1211,4.92,4,38.09,55.43,58.91,107.86,21.28
1212,5.0,4,35.98,49.83,56.28,110.71,28.72
1213,5.08,4,40.38,51.3,62.0,122.91,16.46
1214,5.17,4,34.16,49.33,64.68,125.49,19.18
1215,5.25,4,38.98,53.42,59.92,108.2,24.65
1216,5.33,4,38.28,51.99,66.47,128.89,22.88
1217,5.42,4,43.94,53.77,68.92,137.98,23.7
1218,5.5,4,39.55,50.2,65.39,124.85,31.93
1219,5.58,4,36.75,47.12,65.32,125.22,23.54
1220,5.67,4,66.58,62.95,145.86,279.54,24.15
1221,5.75,4,44.81,57.69,73.79,141.83,18.24
1222,5.83,4,43.18,55.3,65.12,127.77,20.64
1223,5.92,4,42.42,53.71,58.22,105.48,18.86
1224,6.0,4,42.65,55.65,72.39,135.03,20.98
1225,6.08,4,45.83,53.05,66.59,140.82,22.81
1226,6.17,4,42.76,54.36,69.33,143.07,21.78
1227,6.25,4,45.16,51.75,54.19,109.91,11.46
1228,6.33,4,49.37,57.91,80.05,144.09,19.32
1229,6.42,4,42.62,54.7,86.87,159.7,23.52
1230,6.5,4,47.46,56.92,71.89,132.61,28.44
1231,6.58,4,41.78,56.14,63.03,116.59,18.83
1232,6.67,4,49.27,58.72,70.43,134.85,20.72
1233,6.75,4,45.48,53.05,74.02,147.13,21.01
1234,6.83,4,52.9,61.17,76.04,143.72,30.12
1235,6.92,4,44.58,54.64,73.68,141.07,21.36
1236,7.0,4,51.72,54.34,90.85,171.99,13.96
1237,7.08,4,54.87,59.47,87.57,172.15,30.87
1238,7.17,4,47.41,57.63,70.49,141.35,24.62
1239,7.25,4,48.41,54.76,64.17,126.32,16.93
1240,7.33,4,48.54,59.51,69.98,142.35,20.09
1241,7.42,4,50.55,55.9,74.37,141.96,19.45
1242,7.5,4,54.46,58.55,69.81,144.39,22.78
1243,7.58,4,51.07,56.65,84.98,159.93,28.72
1244,7.67,4,49.53,53.87,78.99,142.34,14.91
1245,7.75,4,46.78,54.06,62.75,116.63,20.32
1246,7.83,4,59.84,60.51,72.58,133.88,25.41
1247,7.92,4,60.5,61.97,93.34,174.32,24.85
1248,8.0,4,82.21,65.99,100.5,196.55,65.24
1249,8.08,4,77.79,71.44,109.02,203.99,72.08
1250,8.17,4,83.61,74.04,112.06,204.93,68.14
1251,8.25,4,84.68,75.47,123.02,224.15,67.89
1252,8.33,4,55.58,57.03,88.19,168.46,25.28
1253,8.42,4,56.97,60.05,76.79,155.85,23.12
1254,8.5,4,61.49,64.55,95.89,183.7,23.16
1255,8.58,4,51.78,60.35,74.82,149.39,19.24
1256,8.67,4,61.35,65.57,88.77,171.8,34.1
1257,8.75,4,57.1,60.9,83.84,153.28,27.45
1258,8.83,4,54.62,59.47,98.53,190.35,22.13
1259,8.92,4,55.22,56.73,80.31,148.87,28.89
1260,9.0,4,56.12,62.38,68.96,132.05,26.12
1261,9.08,4,55.21,58.92,75.54,142.35,23.96
1262,9.17,4,65.95,64.74,100.04,189.55,22.37
1263,9.25,4,61.76,62.72,86.83,165.06,22.13
1264,9.33,4,64.05,59.03,91.98,173.65,29.89
1265,9.42,4,62.57,61.53,86.62,164.54,28.65
1266,9.5,4,61.08,63.39,73.3,143.27,19.78
1267,9.58,4,61.39,62.53,82.44,157.02,23.72
1268,9.67,4,59.99,62.92,86.37,164.61,27.72
1269,9.75,4,60.52,63.8,73.47,152.21,29.58
1270,9.83,4,56.94,58.98,73.9,148.21,26.29
1271,9.92,4,65.88,63.62,91.34,171.92,24.65
1272,10.0,4,55.97,59.91,79.52,153.67,24.94
1273,10.08,4,58.83,63.02,88.75,169.89,23.86
1274,10.17,4,69.78,65.93,96.52,184.14,28.97
1275,10.25,4,63.41,59.97,93.96,179.02,31.77
1276,10.33,4,63.75,63.29,85.9,165.05,22.81
1277,10.42,4,65.54,65.96,95.34,180.35,27.51
1278,10.5,4,58.09,63.85,96.47,180.58,24.13
1279,10.58,4,58.76,62.0,87.83,166.15,23.64
1280,10.67,4,62.24,60.03,87.8,159.37,25.0
1281,10.75,4,60.78,61.54,80.39,158.18,30.45
1282,10.83,4,63.81,64.67,92.27,178.5,28.27
1283,10.92,4,65.9,66.39,92.34,186.26,24.56
1284,11.0,4,69.18,67.15,102.51,188.55,29.89
1285,11.08,4,67.27,64.77,81.14,154.04,24.58
1286,11.17,4,61.05,64.19,86.75,171.99,18.1
1287,11.25,4,63.3,62.21,94.32,181.57,16.61
1288,11.33,4,62.43,63.46,90.95,181.87,27.61
1289,11.42,4,61.21,64.04,85.79,171.81,24.16
1290,11.5,4,60.47,63.37,84.8,152.64,29.11
1291,11.58,4,70.71,68.02,91.06,175.19,29.23
1292,11.67,4,64.96,65.38,95.98,184.09,27.28
1293,11.75,4,64.17,61.78,95.41,181.62,24.24
1294,11.83,4,66.68,65.04,83.71,158.5,28.76
1295,11.92,4,66.86,63.27,101.35,200.25,32.92
1296,12.0,4,91.34,75.53,119.38,224.74,58.4
1297,12.08,4,84.82,70.83,113.78,204.8,64.25
1298,12.17,4,88.82,75.66,136.41,253.33,71.23
1299,12.25,4,84.2,68.96,128.85,252.29,60.11
1300,12.33,4,86.69,75.24,107.45,197.83,65.85
1301,12.42,4,65.08,64.32,82.86,165.24,23.54
1302,12.5,4,65.37,68.22,85.04,168.28,25.27
1303,12.58,4,65.15,63.91,105.87,199.29,19.2
1304,12.67,4,67.5,64.97,91.15,175.01,30.81
1305,12.75,4,62.53,64.5,78.24,150.48,26.23
1306,12.83,4,65.16,64.03,103.05,192.86,20.51
1307,12.92,4,61.77,63.35,93.88,175.63,27.12
1308,13.0,4,74.54,70.53,122.46,237.53,29.47
1309,13.08,4,61.01,61.92,92.94,176.43,22.5
1310,13.17,4,61.62,65.12,88.69,165.78,33.28
1311,13.25,4,67.03,61.8,97.46,188.16,28.82
1312,13.33,4,62.29,66.24,86.12,167.16,30.73
1313,13.42,4,66.73,61.45,105.52,192.48,26.04
1314,13.5,4,64.01,66.51,102.68,191.61,19.5
1315,13.58,4,61.9,59.12,76.61,139.41,16.18
1316,13.67,4,60.49,66.18,95.13,193.98,21.07
1317,13.75,4,60.18,62.4,78.64,149.74,30.44
1318,13.83,4,61.37,60.73,107.95,200.93,23.3
1319,13.92,4,61.92,66.6,101.45,190.1,29.65
1320,14.0,4,59.41,59.56,77.19,145.16,20.19
1321,14.08,4,61.72,62.32,90.97,172.83,22.78
1322,14.17,4,58.04,66.33,92.59,182.84,22.44
1323,14.25,4,64.28,64.71,87.14,167.34,26.97
1324,14.33,4,64.7,60.06,81.71,150.14,20.77
1325,14.42,4,58.66,60.85,86.21,159.44,21.49
1326,14.5,4,58.21,60.47,83.57,161.3,23.62
1327,14.58,4,61.22,62.93,81.15,151.91,19.93
1328,14.67,4,64.75,64.05,102.59,193.7,19.15
1329,14.75,4,65.24,65.45,82.98,172.59,26.42
1330,14.83,4,54.84,56.62,79.94,148.86,18.4
1331,14.92,4,62.97,62.24,92.02,168.4,30.6
1332,15.0,4,58.93,62.14,88.18,165.03,29.7
1333,15.08,4,58.68,59.88,94.46,171.04,22.34
1334,15.17,4,60.28,64.32,85.41,170.18,27.48
1335,15.25,4,56.5,58.94,67.8,126.25,24.4
1336,15.33,4,88.43,75.08,184.85,337.86,36.38
1337,15.42,4,82.81,72.06,170.96,311.05,28.87
1338,15.5,4,62.29,61.0,88.59,161.01,27.61
1339,15.58,4,50.37,57.79,74.35,143.56,23.84
1340,15.67,4,55.67,57.43,86.01,161.06,24.96
1341,15.75,4,49.34,56.31,79.47,144.02,19.87
1342,15.83,4,53.07,58.94,64.39,124.04,28.01
1343,15.92,4,46.98,53.29,71.23,140.05,20.11
1344,16.0,4,74.18,69.63,102.45,192.2,53.29
1345,16.08,4,72.99,68.37,103.19,198.73,51.77
1346,16.17,4,70.32,67.71,84.39,170.39,51.34
1347,16.25,4,68.68,65.91,108.0,208.47,52.61
1348,16.33,4,54.55,57.25,80.52,156.01,25.44
1349,16.42,4,49.51,57.28,77.82,154.13,25.51
1350,16.5,4,71.12,68.25,170.08,327.28,28.29
1351,16.58,4,48.04,54.24,76.13,139.82,27.68
1352,16.67,4,51.13,55.79,64.03,128.42,23.25
1353,16.75,4,49.39,56.73,73.58,137.45,15.17
1354,16.83,4,49.67,56.61,80.0,155.21,17.8
1355,16.92,4,52.42,58.56,78.36,144.44,25.91
1356,17.0,4,53.55,58.51,92.91,181.02,22.09
1357,17.08,4,54.83,59.99,73.95,144.51,22.13
1358,17.17,4,49.54,59.74,84.41,169.43,18.53
1359,17.25,4,50.12,58.63,81.85,155.98,20.93
1360,17.33,4,49.13,57.22,74.67,142.89,20.74
1361,17.42,4,42.18,51.77,68.27,131.42,22.51
1362,17.5,4,80.9,69.96,190.73,365.62,29.25
1363,17.58,4,45.9,57.34,67.62,134.89,26.58
1364,17.67,4,44.96,54.29,73.56,149.14,18.62
1365,17.75,4,46.16,53.84,69.2,138.19,22.36
1366,17.83,4,45.1,59.49,69.61,139.7,14.65
1367,17.92,4,41.98,56.94,73.32,134.6,23.13
1368,18.0,4,44.47,54.76,53.37,103.26,15.43
1369,18.08,4,42.33,51.88,68.75,130.64,22.86
1370,18.17,4,66.4,66.33,187.48,347.76,19.24
1371,18.25,4,38.8,51.48,58.55,114.87,15.57
1372,18.33,4,43.57,56.38,57.33,105.15,24.24
1373,18.42,4,46.64,55.01,67.86,132.36,27.92
1374,18.5,4,33.89,53.54,43.54,78.37,8.47
1375,18.58,4,38.91,51.47,63.5,128.18,15.37
1376,18.67,4,43.04,59.1,66.05,129.42,28.08
1377,18.75,4,44.17,55.27,70.56,143.23,21.61
1378,18.83,4,39.2,55.41,60.99,120.85,15.67
1379,18.92,4,37.86,50.96,62.0,119.28,25.37
1380,19.0,4,44.09,52.22,71.51,130.85,23.36
1381,19.08,4,42.19,49.37,56.05,108.91,20.99
1382,19.17,4,41.99,56.45,68.16,128.75,12.83
1383,19.25,4,36.93,51.76,70.91,139.49,27.62
1384,19.33,4,42.06,51.43,57.78,111.89,21.56
1385,19.42,4,30.94,51.56,54.6,111.3,16.5
1386,19.5,4,41.31,55.9,74.92,151.63,26.17
1387,19.58,4,36.71,54.29,49.81,92.6,15.51
1388,19.67,4,37.0,48.97,65.78,128.39,14.88
1389,19.75,4,32.85,52.27,52.64,104.51,14.32
1390,19.83,4,29.42,49.01,58.39,116.67,15.83
1391,19.92,4,35.76,53.95,51.31,105.8,19.05
1392,20.0,4,55.81,61.2,81.9,165.36,54.84
1393,20.08,4,55.97,60.53,70.01,130.47,47.31
1394,20.17,4,36.34,53.87,62.1,113.92,20.3
1395,20.25,4,35.18,52.53,60.8,120.39,16.38
1396,20.33,4,30.3,50.8,55.68,112.47,17.14
1397,20.42,4,35.86,50.16,61.96,125.14,23.8
1398,20.5,4,29.2,47.8,49.31,94.96,19.27
1399,20.58,4,36.36,47.89,46.81,86.36,21.39
1400,20.67,4,31.85,48.21,61.16,126.18,15.5
1401,20.75,4,31.64,50.82,52.66,107.34,25.61
1402,20.83,4,34.52,51.66,59.57,115.33,21.32
1403,20.92,4,34.67,48.64,55.13,99.23,16.97
1404,21.0,4,33.56,52.66,70.94,134.34,22.95
1405,21.08,4,27.68,53.4,43.68,92.09,19.2
1406,21.17,4,32.92,48.01,49.66,101.56,13.18
1407,21.25,4,27.11,46.79,35.04,66.18,17.58
1408,21.33,4,32.44,48.35,54.83,111.78,14.24
1409,21.42,4,24.41,45.8,59.16,116.05,7.94
1410,21.5,4,28.81,48.51,50.57,107.35,15.47
1411,21.58,4,26.0,45.3,48.01,92.94,21.04
1412,21.67,4,31.66,48.69,60.78,116.32,23.81
1413,21.75,4,32.27,49.7,55.03,109.62,16.03
1414,21.83,4,28.83,48.92,59.19,114.45,16.07
1415,21.92,4,28.48,50.75,59.96,113.56,22.71
1416,22.0,4,30.14,48.54,46.43,102.78,20.22
1417,22.08,4,53.27,57.85,122.18,237.03,25.28
1418,22.17,4,27.39,48.72,53.39,101.29,17.41
1419,22.25,4,47.9,57.35,131.51,247.82,24.87
1420,22.33,4,29.14,47.73,41.6,77.22,17.17
1421,22.42,4,20.19,45.05,33.8,79.35,21.17
1422,22.5,4,29.71,47.6,45.2,95.16,16.95
1423,22.58,4,23.87,44.68,44.83,95.71,15.43
1424,22.67,4,25.37,42.62,53.42,104.89,8.12
1425,22.75,4,29.27,47.51,58.55,121.26,21.55
1426,22.83,4,24.47,42.49,50.69,107.13,12.27
1427,22.92,4,28.06,46.35,46.34,92.59,7.54
1428,23.0,4,29.67,49.51,68.36,127.31,16.7
1429,23.08,4,25.96,43.67,46.42,95.72,15.14
1430,23.17,4,26.56,46.57,43.77,88.15,18.44
1431,23.25,4,24.97,46.37,34.03,80.52,18.84
1432,23.33,4,25.71,46.09,43.07,87.78,13.12
1433,23.42,4,21.33,43.63,44.1,89.91,26.21
1434,23.5,4,24.14,46.52,31.28,70.34,15.23
1435,23.58,4,20.61,45.2,32.1,67.8,8.4
1436,23.67,4,21.93,44.87,37.58,81.11,21.81
1437,23.75,4,47.51,55.53,139.52,258.44,24.79
1438,23.83,4,25.94,48.4,39.27,75.09,18.12
1439,23.92,4,30.93,46.29,61.11,115.43,15.99
1440,0.0,5,43.48,55.94,53.98,105.47,60.55
1441,0.08,5,48.46,57.65,74.56,144.8,52.94
1442,0.17,5,49.03,57.46,77.99,152.88,60.67
1443,0.25,5,40.92,53.39,60.23,120.68,69.55
1444,0.33,5,41.69,49.98,63.22,123.84,56.1
1445,0.42,5,22.31,47.81,41.44,79.25,16.28
1446,0.5,5,18.56,45.03,42.34,89.71,7.9
1447,0.58,5,14.41,39.56,44.53,82.65,11.52
1448,0.67,5,16.75,44.05,24.82,48.84,9.13
1449,0.75,5,20.51,44.61,32.28,68.33,16.84
1450,0.83,5,16.33,41.18,27.66,63.78,14.95
1451,0.92,5,9.47,41.64,26.26,60.41,7.16
1452,1.0,5,18.13,42.3,33.56,69.91,14.89
1453,1.08,5,18.51,46.04,42.54,88.79,15.12
1454,1.17,5,19.48,44.83,33.12,64.29,15.57
1455,1.25,5,23.95,47.69,36.64,73.14,19.4
1456,1.33,5,19.84,45.09,32.71,66.14,21.22
1457,1.42,5,20.62,45.34,40.67,78.33,12.7
1458,1.5,5,23.59,46.04,51.01,100.03,14.67
1459,1.58,5,20.06,42.57,38.71,78.64,14.32
1460,1.67,5,27.63,47.56,43.69,86.34,11.7
1461,1.75,5,15.87,43.98,25.8,55.16,9.94
1462,1.83,5,17.18,44.17,47.3,85.15,16.55
1463,1.92,5,22.75,46.24,28.21,62.71,23.39
1464,2.0,5,25.15,42.13,43.69,86.62,12.13
1465,2.08,5,20.22,43.67,45.19,89.3,24.23
1466,2.17,5,17.56,42.27,34.48,65.11,12.13
1467,2.25,5,27.44,45.14,43.4,95.87,21.71
1468,2.33,5,18.69,45.22,41.71,93.07,16.39
1469,2.42,5,22.84,41.23,33.66,62.24,16.49
1470,2.5,5,26.45,48.58,32.81,67.89,14.9
1471,2.58,5,20.51,46.89,42.43,91.02,15.19
1472,2.67,5,20.08,43.62,31.14,64.25,12.18
1473,2.75,5,20.53,44.09,40.7,80.22,18.92
1474,2.83,5,25.85,48.57,45.03,87.7,20.93
1475,2.92,5,26.63,45.45,49.04,99.83,14.05
1476,3.0,5,23.26,46.79,41.1,97.05,9.25
1477,3.08,5,29.97,46.65,55.37,113.81,16.18
1478,3.17,5,23.73,43.24,37.85,72.58,23.89
1479,3.25,5,28.38,48.36,55.31,106.41,18.02
1480,3.33,5,22.6,45.11,32.37,66.94,20.26
1481,3.42,5,32.53,46.2,63.42,119.85,14.42
1482,3.5,5,30.11,51.38,67.55,126.36,15.58
1483,3.58,5,24.43,45.17,45.18,95.08,14.87
1484,3.67,5,30.17,49.6,63.75,122.24,12.86
1485,3.75,5,30.26,51.83,65.94,130.55,18.23
1486,3.83,5,31.13,49.5,49.78,108.52,14.51
1487,3.92,5,17.28,45.32,36.12,72.4,18.12
1488,4.0,5,51.57,56.48,70.37,138.04,57.45
1489,4.08,5,51.23,60.9,70.48,131.75,62.93
1490,4.17,5,51.27,56.42,78.39,153.18,50.31
1491,4.25,5,27.88,46.4,35.37,80.16,14.85
1492,4.33,5,28.28,44.82,55.61,116.34,15.44
1493,4.42,5,32.2,50.03,54.98,109.17,19.9
1494,4.5,5,29.9,49.72,56.33,108.8,15.79
1495,4.58,5,29.07,49.62,48.43,98.36,24.16
1496,4.67,5,32.61,46.81,59.51,117.37,17.42
1497,4.75,5,30.39,49.43,53.45,108.52,13.98
1498,4.83,5,31.04,49.79,56.3,108.17,17.12
1499,4.92,5,36.09,52.47,65.52,125.93,17.72
1500,5.0,5,28.35,46.21,38.9,78.92,20.8
1501,5.08,5,24.88,41.19,39.23,83.95,14.57
1502,5.17,5,30.76,50.25,70.43,140.76,11.61
1503,5.25,5,31.57,48.92,54.55,106.03,18.6
1504,5.33,5,33.67,50.71,41.67,79.25,15.81
1505,5.42,5,31.84,49.14,39.52,82.95,13.34
1506,5.5,5,34.44,50.96,55.72,113.96,18.7
1507,5.58,5,40.88,54.87,59.88,117.11,19.69
1508,5.67,5,35.25,47.15,50.85,97.96,17.93
1509,5.75,5,36.19,53.57,72.77,138.6,20.09
1510,5.83,5,32.64,49.32,51.22,110.39,15.85
1511,5.92,5,28.57,51.11,55.86,111.65,17.61
1512,6.0,5,25.71,45.65,47.85,101.2,14.07
1513,6.08,5,32.26,48.15,51.36,98.42,21.35
1514,6.17,5,25.37,46.12,36.31,81.42,16.25
1515,6.25,5,36.53,52.44,64.99,131.45,26.13
1516,6.33,5,33.72,49.62,40.46,82.32,16.45
1517,6.42,5,30.79,50.0,58.91,119.08,19.13
1518,6.5,5,36.17,50.5,59.61,123.77,23.56
1519,6.58,5,33.45,50.12,60.08,112.61,20.51
1520,6.67,5,37.93,56.54,60.58,116.42,20.04
1521,6.75,5,39.15,53.33,52.11,106.42,21.13
1522,6.83,5,34.54,51.42,59.66,117.49,20.67
1523,6.92,5,36.48,48.47,65.57,130.09,20.31
1524,7.0,5,38.38,54.98,57.23,116.45,19.54
1525,7.08,5,33.02,51.99,59.89,120.29,21.2
1526,7.17,5,39.01,51.13,64.19,124.27,19.41
1527,7.25,5,33.56,52.2,58.88,115.06,14.45
1528,7.33,5,40.86,54.05,57.16,120.66,28.45
1529,7.42,5,37.66,52.04,70.45,137.25,22.93
1530,7.5,5,34.46,53.09,58.72,122.48,14.97
1531,7.58,5,37.76,50.97,66.97,137.67,18.46
1532,7.67,5,38.21,50.75,57.74,110.03,17.27
1533,7.75,5,44.12,55.27,75.81,150.13,19.04
1534,7.83,5,41.28,54.63,61.16,114.69,23.79
1535,7.92,5,37.62,53.86,53.01,113.5,18.08
1536,8.0,5,70.54,66.44,113.82,215.82,70.57
1537,8.08,5,67.24,63.56,80.69,155.94,55.02
1538,8.17,5,64.15,68.92,115.9,214.29,61.19
1539,8.25,5,36.65,49.32,64.59,123.22,13.84
1540,8.33,5,40.87,53.5,61.52,121.87,21.53
1541,8.42,5,41.85,55.39,67.83,132.54,22.25
1542,8.5,5,44.17,57.18,73.63,140.6,24.64
1543,8.58,5,45.26,54.23,66.66,134.38,16.41
1544,8.67,5,46.21,52.05,86.74,166.12,23.28
1545,8.75,5,38.0,50.92,72.4,135.27,16.01
1546,8.83,5,44.61,56.8,90.35,176.23,21.54
1547,8.92,5,43.56,55.88,57.51,107.71,19.12
1548,9.0,5,53.73,60.52,81.2,146.54,18.37
1549,9.08,5,44.81,56.59,57.68,114.3,24.09
1550,9.17,5,42.63,56.86,57.42,108.21,19.62
1551,9.25,5,45.41,53.88,66.89,131.29,24.78
1552,9.33,5,67.04,62.77,147.56,279.69,30.48
1553,9.42,5,38.49,53.06,64.14,130.38,24.87
1554,9.5,5,47.08,54.09,70.61,139.59,19.74
1555,9.58,5,44.76,52.62,75.11,138.57,17.47
1556,9.67,5,45.94,58.12,72.68,137.23,26.29
1557,9.75,5,43.16,54.92,79.98,153.99,21.2
1558,9.83,5,42.57,54.21,72.72,140.97,26.04
1559,9.92,5,49.65,57.44,65.15,122.56,17.68
1560,10.0,5,50.62,57.57,74.58,141.93,25.41
1561,10.08,5,48.36,59.2,72.41,144.4,22.26
1562,10.17,5,40.72,50.29,67.38,133.8,20.01
1563,10.25,5,48.89,53.89,82.27,156.55,20.94
1564,10.33,5,41.06,51.6,66.53,134.9,15.82
1565,10.42,5,45.17,55.9,73.82,136.25,23.95
1566,10.5,5,50.64,61.4,66.69,134.16,21.09
1567,10.58,5,50.03,59.25,71.36,141.88,23.35
1568,10.67,5,49.44,58.44,59.33,120.53,30.09
1569,10.75,5,52.55,58.49,81.59,158.35,20.99
1570,10.83,5,50.02,54.84,81.75,153.89,21.31
1571,10.92,5,41.08,54.52,53.75,109.71,19.62
1572,11.0,5,46.95,60.18,72.6,138.61,20.16
1573,11.08,5,48.17,56.2,71.99,140.61,20.59
1574,11.17,5,47.84,55.41,85.91,161.01,24.75
1575,11.25,5,46.3,55.37,63.41,122.41,26.87
1576,11.33,5,44.92,56.41,76.25,146.53,21.75
1577,11.42,5,56.98,60.86,92.52,178.53,27.2
1578,11.5,5,47.26,58.09,70.15,139.11,21.12
1579,11.58,5,56.89,60.53,85.61,172.58,23.43
1580,11.67,5,44.7,54.63,77.26,149.8,19.58
1581,11.75,5,51.02,58.42,67.43,126.63,19.7
1582,11.83,5,49.54,56.21,71.03,141.85,27.33
1583,11.92,5,45.52,58.97,71.11,139.69,19.37
1584,12.0,5,76.66,71.14,123.5,231.35,75.92
1585,12.08,5,78.24,68.01,105.69,198.23,70.53
1586,12.17,5,45.78,54.11,67.79,128.93,21.63
1587,12.25,5,47.82,57.65,84.76,159.31,21.95
1588,12.33,5,60.57,62.62,143.36,261.95,21.83
1589,12.42,5,51.15,58.62,93.84,183.74,21.4
1590,12.5,5,52.92,58.43,87.25,169.22,18.95
1591,12.58,5,50.17,58.48,74.03,143.72,22.61
1592,12.67,5,56.45,60.06,80.43,151.67,17.07
1593,12.75,5,50.85,59.01,69.42,140.41,22.48
1594,12.83,5,52.39,60.12,67.43,124.28,25.7
1595,12.92,5,52.65,61.91,80.91,154.99,23.11
1596,13.0,5,38.61,51.35,66.35,134.34,16.85
1597,13.08,5,49.63,57.31,80.54,145.01,19.81
1598,13.17,5,43.22,52.01,65.87,129.45,25.64
1599,13.25,5,43.82,58.37,83.03,156.15,21.59
1600,13.33,5,44.32,50.99,57.32,113.78,24.46
1601,13.42,5,46.64,59.35,59.19,114.67,25.43
1602,13.5,5,49.88,57.64,68.3,135.92,20.69
1603,13.58,5,49.0,57.89,73.85,149.09,18.24
1604,13.67,5,47.3,55.95,62.98,135.94,24.41
1605,13.75,5,49.73,57.44,85.45,163.25,19.0
1606,13.83,5,49.8,58.58,68.85,137.61,20.09
1607,13.92,5,48.45,53.53,65.8,130.15,22.53
1608,14.0,5,40.7,52.01,72.29,142.2,19.17
1609,14.08,5,43.99,53.1,69.44,142.38,11.74
1610,14.17,5,46.49,56.82,77.07,145.3,16.68
1611,14.25,5,48.79,56.96,73.17,139.91,26.23
1612,14.33,5,41.39,54.86,66.84,129.43,20.02
1613,14.42,5,45.81,55.94,58.5,110.38,24.38
1614,14.5,5,40.17,55.19,62.02,121.63,16.8
1615,14.58,5,49.04,55.59,65.46,131.12,17.81
1616,14.67,5,46.09,55.86,85.94,168.84,24.41
1617,14.75,5,40.32,55.36,73.72,141.78,25.26
1618,14.83,5,40.07,54.85,57.86,119.85,16.53
1619,14.92,5,45.94,52.71,68.47,123.24,25.56
1620,15.0,5,49.17,55.08,72.72,152.52,18.39
1621,15.08,5,40.28,52.96,80.57,157.87,13.52
1622,15.17,5,46.64,55.52,74.14,141.29,24.0
1623,15.25,5,41.74,53.65,61.67,123.31,16.62
1624,15.33,5,46.27,57.42,71.7,138.3,16.73
1625,15.42,5,45.53,56.07,57.34,103.21,16.63
1626,15.5,5,43.42,55.24,66.52,129.97,19.46
1627,15.58,5,36.2,52.63,49.79,104.18,12.25
1628,15.67,5,44.74,57.28,53.9,111.85,23.56
1629,15.75,5,43.84,48.62,83.5,161.56,22.89
1630,15.83,5,43.25,53.69,66.68,134.81,22.73
1631,15.92,5,42.22,52.23,59.49,119.25,25.38
1632,16.0,5,59.92,62.91,73.33,143.1,61.48
1633,16.08,5,66.5,64.0,93.03,174.01,55.61
1634,16.17,5,65.57,64.66,92.49,174.74,61.71
1635,16.25,5,36.62,53.18,65.06,125.83,23.6
1636,16.33,5,44.69,53.9,61.0,121.22,24.43
1637,16.42,5,40.25,53.84,59.03,120.27,23.62
1638,16.5,5,39.94,56.08,55.53,106.89,19.38
1639,16.58,5,38.57,54.02,59.54,110.21,17.05
1640,16.67,5,38.61,49.2,46.33,100.59,18.71
1641,16.75,5,43.37,53.93,60.61,114.26,18.05
1642,16.83,5,41.88,54.56,70.29,138.97,24.48
1643,16.92,5,41.49,54.78,54.98,110.24,21.12
1644,17.0,5,38.28,51.72,68.93,132.35,22.86
1645,17.08,5,40.43,51.91,70.5,139.94,14.31
1646,17.17,5,34.08,50.47,63.55,118.35,16.73
1647,17.25,5,38.72,50.25,61.43,128.72,15.58
1648,17.33,5,35.82,53.32,57.23,126.18,12.45
1649,17.42,5,28.82,51.71,52.14,110.01,18.41
1650,17.5,5,30.16,49.36,61.75,117.1,13.28
1651,17.58,5,59.15,61.15,161.03,289.85,23.3
1652,17.67,5,36.51,53.31,45.51,94.31,15.24
1653,17.75,5,32.41,51.13,46.9,87.96,16.47
1654,17.83,5,32.34,49.0,45.37,89.6,20.44
1655,17.92,5,36.75,51.44,64.91,134.46,15.36
1656,18.0,5,31.81,48.09,47.73,104.04,16.14
1657,18.08,5,38.08,52.47,59.07,124.98,21.63
1658,18.17,5,37.17,52.33,73.27,142.38,22.02
1659,18.25,5,32.85,48.22,63.38,128.57,16.64
1660,18.33,5,35.08,48.64,68.11,122.63,19.95
1661,18.42,5,34.28,47.77,50.4,93.22,21.84
1662,18.5,5,30.93,49.75,37.12,75.37,13.51
1663,18.58,5,34.48,50.49,53.22,110.0,15.77
1664,18.67,5,34.68,50.44,45.09,89.03,17.17
1665,18.75,5,27.49,48.3,32.99,73.39,18.66
1666,18.83,5,31.04,47.17,61.28,114.53,18.51
1667,18.92,5,30.68,46.67,44.69,90.94,17.93
1668,19.0,5,32.84,50.26,47.96,99.07,14.1
1669,19.08,5,28.0,44.14,45.67,96.0,20.48
1670,19.17,5,27.15,46.7,60.75,117.09,14.79
1671,19.25,5,29.52,53.22,49.13,98.58,16.31
1672,19.33,5,32.75,47.04,61.92,113.75,18.97
1673,19.42,5,24.12,44.99,41.42,84.02,23.92
1674,19.5,5,24.42,41.74,31.66,72.4,13.54
1675,19.58,5,25.89,46.18,36.55,74.47,13.71
1676,19.67,5,26.21,50.73,46.42,89.82,15.05
1677,19.75,5,20.94,45.36,40.98,87.68,19.88
1678,19.83,5,32.07,48.2,57.82,125.51,18.61
1679,19.92,5,26.08,51.1,50.64,112.02,18.02
1680,20.0,5,53.69,55.68,86.63,167.24,69.28
1681,20.08,5,60.07,62.94,80.93,159.53,72.16
1682,20.17,5,56.63,60.61,97.57,193.82,64.11
1683,20.25,5,23.54,45.1,58.6,116.69,17.98
1684,20.33,5,25.72,48.19,41.7,87.37,21.04
1685,20.42,5,24.73,43.77,38.33,77.38,17.01
1686,20.5,5,29.69,48.98,36.35,87.26,14.15
1687,20.58,5,23.78,46.07,44.9,94.41,11.88
1688,20.67,5,19.06,41.84,41.49,83.35,16.57
1689,20.75,5,17.29,46.68,31.11,63.13,9.71
1690,20.83,5,28.78,47.59,51.8,93.95,13.94
1691,20.92,5,20.62,44.0,28.64,53.65,13.19
1692,21.0,5,25.49,44.41,53.33,102.36,17.49
1693,21.08,5,23.17,45.1,38.55,84.03,18.13
1694,21.17,5,21.23,49.22,42.79,88.65,12.47
1695,21.25,5,21.56,44.2,42.56,80.33,10.2
1696,21.33,5,27.8,48.55,33.36,65.42,20.22
1697,21.42,5,16.98,44.54,42.05,87.1,16.95
1698,21.5,5,20.5,43.86,33.32,78.35,17.0
1699,21.58,5,24.83,45.35,46.41,88.03,17.71
1700,21.67,5,16.97,43.58,24.09,55.65,12.65
1701,21.75,5,25.89,46.17,42.23,83.79,15.76
1702,21.83,5,24.22,45.24,46.97,92.47,16.36
1703,21.92,5,21.88,46.72,32.62,62.85,12.1
1704,22.0,5,19.0,43.41,29.6,66.42,16.28
1705,22.08,5,15.66,44.47,34.79,70.19,14.39
1706,22.17,5,22.92,45.13,41.16,82.34,15.19
1707,22.25,5,29.92,45.83,53.7,111.57,21.13
1708,22.33,5,20.67,37.45,36.86,81.52,14.76
1709,22.42,5,13.63,37.46,36.49,72.03,16.05
1710,22.5,5,21.49,41.34,36.26,76.75,10.62
1711,22.58,5,22.78,45.78,47.11,99.34,19.06
1712,22.67,5,16.44,40.46,27.48,58.54,16.53
1713,22.75,5,17.29,38.83,30.86,68.89,22.97
1714,22.83,5,16.83,42.31,41.04,82.28,20.61
1715,22.92,5,17.49,40.71,31.87,65.64,18.12
1716,23.0,5,18.66,44.32,28.02,55.78,12.51
1717,23.08,5,16.17,43.15,48.24,105.39,10.5
1718,23.17,5,14.78,42.74,32.46,66.0,10.8
1719,23.25,5,19.65,38.73,42.35,82.22,16.95
1720,23.33,5,18.34,43.34,22.01,44.38,19.76
1721,23.42,5,17.4,42.59,46.53,94.18,9.51
1722,23.5,5,19.17,41.18,59.17,111.43,11.42
1723,23.58,5,13.52,36.81,41.16,80.52,13.51
1724,23.67,5,19.73,43.66,49.75,103.55,10.39
1725,23.75,5,17.33,44.93,32.52,70.78,12.64
1726,23.83,5,19.6,38.66,40.54,76.24,19.88
1727,23.92,5,20.15,42.4,43.09,91.18,17.92
1728,0.0,6,48.62,57.14,67.76,132.13,64.34
1729,0.08,6,45.02,57.51,68.04,138.15,56.18
1730,0.17,6,48.41,56.16,65.08,134.23,53.98
1731,0.25,6,17.66,46.81,33.02,61.4,12.7
1732,0.33,6,17.85,39.44,43.14,91.48,5.15
1733,0.42,6,18.52,39.3,23.1,59.75,16.44
1734,0.5,6,21.59,46.75,48.53,98.4,18.39
1735,0.58,6,21.13,39.81,27.74,63.37,12.14
1736,0.67,6,19.45,44.68,38.76,80.89,17.19
1737,0.75,6,14.74,41.04,33.84,75.8,15.99
1738,0.83,6,21.25,42.76,45.08,93.07,10.83
1739,0.92,6,16.16,41.42,32.95,59.32,12.44
1740,1.0,6,16.06,39.65,25.91,56.03,12.14
1741,1.08,6,15.36,41.28,34.91,71.92,17.57
1742,1.17,6,19.15,43.65,55.36,113.22,17.72
1743,1.25,6,23.79,44.87,43.43,94.06,18.24
1744,1.33,6,16.28,41.15,27.48,58.33,11.82
1745,1.42,6,25.64,47.05,42.04,79.54,21.87
1746,1.5,6,23.08,48.7,43.89,90.54,16.49
1747,1.58,6,14.89,41.17,30.72,61.42,15.71
1748,1.67,6,18.82,45.11,34.32,68.74,21.63
1749,1.75,6,16.66,40.56,45.61,104.0,16.81
1750,1.83,6,22.77,42.58,46.46,90.25,15.21
1751,1.92,6,17.14,43.62,34.62,64.49,12.29
1752,2.0,6,15.09,41.32,32.22,71.01,6.84
1753,2.08,6,19.79,46.16,40.13,85.77,8.68
1754,2.17,6,25.19,48.99,49.71,103.88,19.72
1755,2.25,6,20.6,45.95,49.98,104.17,7.25
1756,2.33,6,57.85,62.67,168.61,314.22,28.51
1757,2.42,6,23.18,38.58,34.86,73.54,19.01
1758,2.5,6,16.56,43.34,30.42,69.45,10.68
1759,2.58,6,18.9,45.23,30.68,73.27,15.45
1760,2.67,6,46.07,53.19,117.56,215.31,23.82
1761,2.75,6,20.52,44.25,50.91,98.6,15.5
1762,2.83,6,28.66,45.81,56.22,114.34,22.09
1763,2.92,6,18.62,45.43,22.34,51.48,9.09
1764,3.0,6,19.96,42.07,40.7,74.3,17.01
1765,3.08,6,24.39,44.39,41.26,81.4,13.66
1766,3.17,6,21.42,43.71,36.73,77.64,8.4
1767,3.25,6,13.74,45.68,16.49,39.74,8.79
1768,3.33,6,30.88,50.91,51.85,101.54,15.62
1769,3.42,6,20.6,47.5,40.34,94.33,15.24
1770,3.5,6,26.58,43.34,37.48,77.34,13.04
1771,3.58,6,20.49,41.68,52.57,105.79,13.1
1772,3.67,6,22.13,47.63,47.88,96.85,13.95
1773,3.75,6,19.74,40.36,30.15,65.33,11.42
1774,3.83,6,23.1,44.05,50.9,101.81,13.51
1775,3.92,6,23.71,49.78,39.73,71.52,18.22
1776,4.0,6,42.11,52.02,73.98,138.21,51.62
1777,4.08,6,41.56,50.06,53.33,104.41,45.71
1778,4.17,6,38.11,52.24,62.09,125.82,44.54
1779,4.25,6,41.61,50.16,55.2,107.87,44.57
1780,4.33,6,32.48,52.09,47.27,90.93,16.56
1781,4.42,6,32.36,47.77,38.83,84.62,20.39
1782,4.5,6,29.6,46.13,40.65,89.93,21.33
1783,4.58,6,30.63,48.84,41.84,77.65,13.01
1784,4.67,6,35.83,50.32,47.08,95.22,23.11
1785,4.75,6,30.93,49.42,53.62,96.52,24.23
1786,4.83,6,31.49,50.22,38.66,78.04,13.84
1787,4.92,6,24.08,45.4,46.28,102.73,19.7
1788,5.0,6,25.97,44.37,54.22,108.05,23.03
1789,5.08,6,30.07,49.99,43.97,82.24,20.38
1790,5.17,6,27.68,46.07,47.53,88.78,16.22
1791,5.25,6,27.33,45.56,45.11,86.54,19.95
1792,5.33,6,28.06,47.91,45.38,88.32,13.76
1793,5.42,6,26.49,43.06,31.78,57.75,15.37
1794,5.5,6,29.02,48.84,40.81,85.11,14.32
1795,5.58,6,33.31,50.38,66.66,132.7,12.94
1796,5.67,6,38.73,54.67,64.07,123.57,19.85
1797,5.75,6,35.56,50.0,55.74,120.56,20.11
1798,5.83,6,35.32,53.54,42.39,84.15,21.48
1799,5.92,6,27.74,48.54,53.03,111.47,6.94
1800,6.0,6,34.17,50.32,48.71,90.74,19.27
1801,6.08,6,33.84,53.86,45.71,93.78,18.78
1802,6.17,6,35.42,51.13,48.41,99.39,14.49
1803,6.25,6,33.47,49.02,59.25,113.09,16.59
1804,6.33,6,40.87,53.64,63.48,125.1,23.24
1805,6.42,6,35.57,49.93,64.6,122.67,19.28
1806,6.5,6,36.23,52.05,67.49,129.92,18.99
1807,6.58,6,29.16,50.76,44.08,87.93,20.86
1808,6.67,6,35.98,51.18,57.84,107.08,28.25
1809,6.75,6,40.7,53.49,61.41,123.16,19.2
1810,6.83,6,38.94,54.12,50.83,104.46,20.72
1811,6.92,6,29.77,50.77,40.98,81.9,13.88
1812,7.0,6,36.06,50.32,56.96,113.73,27.59
1813,7.08,6,44.01,55.15,67.35,126.64,18.84
1814,7.17,6,37.73,53.58,59.84,111.45,12.2
1815,7.25,6,39.7,53.52,62.21,119.98,22.41
1816,7.33,6,44.55,51.32,61.93,124.93,14.7
1817,7.42,6,38.65,54.36,78.35,150.65,24.84
1818,7.5,6,42.26,55.06,67.57,129.42,22.92
1819,7.58,6,41.23,54.74,59.87,119.45,16.2
1820,7.67,6,42.28,51.64,68.95,129.53,23.25
1821,7.75,6,41.71,54.07,58.24,108.71,19.09
1822,7.83,6,38.76,54.13,61.73,119.34,21.4
1823,7.92,6,39.4,50.97,65.48,123.62,14.72
1824,8.0,6,61.07,61.24,92.69,170.9,54.12
1825,8.08,6,58.61,63.09,75.27,150.0,60.14
1826,8.17,6,68.98,64.71,122.01,240.63,69.0
1827,8.25,6,64.93,63.8,102.37,186.5,57.87
1828,8.33,6,46.53,53.87,87.1,164.7,18.75
1829,8.42,6,48.1,60.28,70.67,138.08,20.67
1830,8.5,6,43.07,55.42,68.66,124.98,15.47
1831,8.58,6,38.54,51.83,61.54,119.66,21.85
1832,8.67,6,42.71,53.33,61.87,120.61,24.28
1833,8.75,6,41.29,51.12,70.61,139.5,22.25
1834,8.83,6,36.95,51.41,52.27,100.23,18.56
1835,8.92,6,42.37,55.4,71.43,135.74,16.49
1836,9.0,6,44.11,53.23,63.94,129.95,29.28
1837,9.08,6,42.33,54.26,68.99,136.28,17.15
1838,9.17,6,42.11,53.21,77.22,152.64,17.0
1839,9.25,6,40.56,56.01,62.6,113.92,12.97
1840,9.33,6,45.93,54.39,76.35,144.09,15.79
1841,9.42,6,51.99,59.95,73.32,149.55,24.4
1842,9.5,6,50.13,60.34,65.7,127.84,20.82
1843,9.58,6,48.13,55.91,86.06,164.27,18.58
1844,9.67,6,48.4,55.6,79.06,151.9,18.91
1845,9.75,6,45.76,57.44,68.83,141.75,19.38
1846,9.83,6,40.09,49.48,68.67,129.88,17.36
1847,9.92,6,45.28,56.24,61.21,123.53,26.93
1848,10.0,6,43.35,51.36,70.56,138.32,19.35
1849,10.08,6,47.44,58.79,73.67,135.77,22.44
1850,10.17,6,51.37,57.61,81.85,155.84,23.08
1851,10.25,6,54.11,59.17,93.07,173.35,23.9
1852,10.33,6,47.57,54.96,83.67,154.24,20.41
1853,10.42,6,41.64,50.57,53.86,112.94,18.51
1854,10.5,6,47.83,59.05,57.39,107.21,24.53
1855,10.58,6,48.04,56.28,74.62,148.06,22.89
1856,10.67,6,50.22,64.02,76.62,143.61,19.52
1857,10.75,6,47.89,54.93,63.37,130.86,11.97
1858,10.83,6,48.29,55.44,65.26,125.37,19.64
1859,10.92,6,45.94,53.88,63.96,126.81,16.04
1860,11.0,6,47.15,55.86,82.26,155.23,18.09
1861,11.08,6,50.12,60.7,71.36,128.45,17.24
1862,11.17,6,41.36,55.63,52.61,96.35,24.98
1863,11.25,6,47.35,53.3,71.31,128.86,26.45
1864,11.33,6,50.93,60.33,76.09,148.24,25.76
1865,11.42,6,54.32,60.81,71.92,139.32,22.24
1866,11.5,6,47.23,57.22,76.4,150.49,19.14
1867,11.58,6,52.81,57.4,87.47,164.05,17.22
1868,11.67,6,54.61,58.35,77.69,139.84,27.31
1869,11.75,6,47.37,56.59,59.81,124.17,25.32
1870,11.83,6,46.78,54.95,68.95,139.06,23.67
1871,11.92,6,48.11,59.27,75.14,147.13,17.59
1872,12.0,6,68.34,64.56,82.01,163.18,55.56
1873,12.08,6,72.44,63.71,105.79,199.91,57.45
1874,12.17,6,65.91,62.06,91.09,175.29,49.23
1875,12.25,6,54.1,56.87,80.27,150.97,29.24
1876,12.33,6,45.89,55.12,67.75,126.6,16.07
1877,12.42,6,44.24,55.34,62.05,113.82,17.94
1878,12.5,6,50.45,57.81,74.66,140.62,15.53
1879,12.58,6,52.88,59.72,74.39,157.21,22.41
1880,12.67,6,49.15,56.61,71.12,130.41,21.29
1881,12.75,6,49.98,57.06,67.94,127.6,26.42
1882,12.83,6,55.23,63.36,85.58,164.6,20.02
1883,12.92,6,52.68,61.12,88.11,180.58,18.83
1884,13.0,6,48.35,57.57,66.03,123.61,22.41
1885,13.08,6,46.64,57.82,70.04,132.92,13.36
1886,13.17,6,51.89,54.5,68.5,136.67,28.3
1887,13.25,6,50.86,56.24,79.13,155.51,17.43
1888,13.33,6,49.31,56.33,75.97,143.27,29.6
1889,13.42,6,46.59,54.34,66.27,125.12,18.48
1890,13.5,6,47.34,53.21,71.15,140.3,16.13
1891,13.58,6,46.96,56.97,78.28,149.38,24.07
1892,13.67,6,46.26,58.59,57.65,115.21,23.67
1893,13.75,6,45.1,55.27,58.78,114.97,23.47
1894,13.83,6,47.98,57.89,77.23,150.78,22.4
1895,13.92,6,44.64,55.0,69.0,136.48,30.12
1896,14.0,6,47.36,55.43,71.27,128.55,16.44
1897,14.08,6,39.22,54.49,69.61,132.99,25.25
1898,14.17,6,44.3,52.08,73.8,144.5,14.64
1899,14.25,6,50.07,53.8,88.8,173.89,29.12
1900,14.33,6,42.89,51.41,73.62,140.86,22.13
1901,14.42,6,47.92,58.27,76.71,138.85,28.22
1902,14.5,6,42.79,54.43,65.92,134.89,24.27
1903,14.58,6,48.16,57.43,71.64,143.24,13.34
1904,14.67,6,44.2,58.24,68.02,132.95,19.7
1905,14.75,6,43.85,52.41,69.4,132.6,15.95
1906,14.83,6,45.0,57.66,59.35,119.82,27.22
1907,14.92,6,39.88,52.15,64.97,124.67,23.17
1908,15.0,6,47.76,55.39,70.36,141.04,22.55
1909,15.08,6,48.68,57.07,76.28,156.28,20.52
1910,15.17,6,64.76,64.62,143.42,265.71,27.88
1911,15.25,6,45.47,55.04,64.29,129.63,17.54
1912,15.33,6,46.12,56.97,72.19,136.66,22.65
1913,15.42,6,42.82,54.44,70.2,141.5,20.21
1914,15.5,6,39.0,52.15,56.97,111.32,16.48
1915,15.58,6,48.2,55.86,83.39,167.35,24.83
1916,15.67,6,40.98,53.92,74.67,143.03,27.79
1917,15.75,6,39.95,50.26,50.28,96.02,14.27
1918,15.83,6,47.55,54.25,65.84,126.84,25.67
1919,15.92,6,43.67,53.92,68.33,131.88,17.69
1920,16.0,6,68.36,66.85,100.0,191.18,68.74
1921,16.08,6,63.78,67.99,108.59,203.82,62.79
1922,16.17,6,69.7,66.04,99.76,190.8,65.54
1923,16.25,6,76.73,65.98,106.15,202.38,67.69
1924,16.33,6,69.38,64.64,89.15,168.34,72.11
1925,16.42,6,41.53,55.01,52.15,105.51,20.01
1926,16.5,6,42.01,51.97,64.35,122.89,19.15
1927,16.58,6,38.04,49.51,77.1,158.79,19.18
1928,16.67,6,37.7,53.27,58.54,116.87,27.01
1929,16.75,6,37.35,52.74,53.63,109.6,21.58
1930,16.83,6,36.25,48.37,62.11,120.83,16.62
1931,16.92,6,36.71,49.73,44.06,85.7,25.17
1932,17.0,6,36.38,53.86,59.29,120.91,19.82
1933,17.08,6,36.46,53.11,65.35,129.27,15.66
1934,17.17,6,36.04,48.82,50.67,91.21,20.59
1935,17.25,6,37.53,47.91,70.98,147.4,18.78
1936,17.33,6,36.63,52.02,64.23,129.31,9.16
1937,17.42,6,36.62,50.89,69.96,134.03,20.48
1938,17.5,6,41.04,53.83,53.23,108.85,15.96
1939,17.58,6,35.65,52.31,56.34,113.51,13.82
1940,17.67,6,42.8,52.35,73.73,145.19,12.93
1941,17.75,6,35.97,50.32,46.18,88.76,19.5
1942,17.83,6,32.84,47.98,61.98,121.93,17.62
1943,17.92,6,38.8,50.73,60.12,119.73,23.5
1944,18.0,6,33.47,51.19,62.68,128.99,15.18
1945,18.08,6,25.04,46.56,46.79,94.74,14.34
1946,18.17,6,33.08,46.76,65.98,130.93,26.19
1947,18.25,6,31.9,50.8,42.94,82.74,10.07
1948,18.33,6,38.07,51.43,63.31,124.3,24.38
1949,18.42,6,28.98,49.58,37.68,82.16,14.12
1950,18.5,6,30.63,46.75,55.11,105.78,30.12
1951,18.58,6,35.9,49.31,60.71,117.33,21.86
1952,18.67,6,32.53,50.14,51.75,98.33,15.62
1953,18.75,6,30.22,46.41,45.0,84.22,11.98
1954,18.83,6,27.86,46.99,45.82,88.18,18.6
1955,18.92,6,31.42,46.72,53.48,109.08,10.21
1956,19.0,6,29.77,47.61,52.99,104.15,20.2
1957,19.08,6,26.87,47.03,62.7,118.57,11.14
1958,19.17,6,26.73,47.06,54.07,118.22,12.8
1959,19.25,6,26.08,46.01,41.6,81.37,6.52
1960,19.33,6,25.15,46.98,49.81,102.78,16.81
1961,19.42,6,31.58,49.51,59.95,119.57,19.01
1962,19.5,6,30.81,48.68,46.72,95.34,17.82
1963,19.58,6,30.98,47.69,57.8,104.88,10.86
1964,19.67,6,27.43,49.48,36.02,81.18,22.6
1965,19.75,6,26.27,47.59,40.98,85.36,15.92
1966,19.83,6,26.04,44.65,34.85,77.33,14.42
1967,19.92,6,30.11,49.85,49.44,104.69,20.74
1968,20.0,6,47.31,58.04,67.98,140.94,61.21
1969,20.08,6,51.6,58.06,73.74,137.75,65.81
1970,20.17,6,50.02,57.48,81.54,153.18,60.53
1971,20.25,6,57.61,56.81,84.85,159.83,68.81
1972,20.33,6,23.48,43.88,49.57,94.9,19.03
1973,20.42,6,19.15,45.31,51.0,108.4,12.98
1974,20.5,6,25.4,44.87,62.24,117.01,16.96
1975,20.58,6,23.07,45.06,41.56,82.91,15.67
1976,20.67,6,22.16,43.25,45.87,84.41,15.04
1977,20.75,6,21.55,45.16,39.62,84.98,10.64
1978,20.83,6,21.17,45.31,48.52,96.69,11.1
1979,20.92,6,25.86,47.48,52.59,109.07,14.92
1980,21.0,6,23.93,43.49,38.43,82.67,16.26
1981,21.08,6,22.22,45.21,37.56,69.4,12.02
1982,21.17,6,18.85,46.63,48.7,98.59,14.77
1983,21.25,6,21.88,46.34,36.86,70.9,6.31
1984,21.33,6,23.17,45.61,41.91,86.15,15.8
1985,21.42,6,23.1,41.53,48.12,93.68,16.08
1986,21.5,6,22.41,44.59,40.57,92.2,18.88
1987,21.58,6,18.42,46.58,49.38,112.2,20.3
1988,21.67,6,13.05,43.51,38.93,78.84,16.0
1989,21.75,6,27.58,48.33,41.02,84.33,24.08
1990,21.83,6,16.52,40.99,30.13,54.24,14.01
1991,21.92,6,14.05,41.43,36.56,67.59,13.7
1992,22.0,6,21.22,46.09,40.04,84.01,18.53
1993,22.08,6,14.62,43.46,17.54,41.42,13.23
1994,22.17,6,17.63,43.56,28.39,63.2,13.08
1995,22.25,6,22.22,46.71,43.53,84.37,21.05
1996,22.33,6,26.36,46.74,53.76,108.27,19.48
1997,22.42,6,21.38,44.41,47.89,86.2,17.98
1998,22.5,6,18.35,42.34,52.73,101.87,11.13
1999,22.58,6,19.59,44.66,32.98,71.69,18.67
2000,22.67,6,13.32,43.0,25.84,65.0,13.66
2001,22.75,6,17.97,44.5,36.36,74.86,10.53
2002,22.83,6,50.63,55.35,144.24,272.58,25.44
2003,22.92,6,19.89,41.62,38.84,76.56,10.18
2004,23.0,6,26.06,48.93,44.71,92.69,6.88
2005,23.08,6,12.4,40.93,36.22,72.72,5.88
2006,23.17,6,17.68,43.39,43.91,98.81,13.43
2007,23.25,6,12.62,41.07,33.0,67.76,19.32
2008,23.33,6,17.22,46.25,35.68,73.38,15.56
2009,23.42,6,15.9,41.26,36.99,80.45,13.56
2010,23.5,6,13.65,43.37,25.04,57.58,18.69
2011,23.58,6,22.03,45.38,40.78,81.58,17.55
2012,23.67,6,19.7,40.66,38.78,81.85,19.02
2013,23.75,6,21.57,43.06,40.28,77.23,19.28
2014,23.83,6,16.9,41.39,33.92,72.18,12.97
2015,23.92,6,18.51,45.51,32.24,70.77,13.7
2016,0.0,0,60.06,64.48,78.87,149.85,65.9
2017,0.08,0,54.47,60.22,78.73,149.86,71.16
2018,0.17,0,57.33,59.75,88.55,166.23,63.64
2019,0.25,0,22.88,43.47,28.56,54.23,12.18
2020,0.33,0,27.58,49.69,44.12,91.49,16.62
2021,0.42,0,23.2,42.87,59.39,114.53,16.24
2022,0.5,0,18.53,43.13,35.7,77.04,16.98
2023,0.58,0,25.21,51.07,46.46,92.71,16.14
2024,0.67,0,23.66,44.61,58.1,117.65,14.46
2025,0.75,0,19.7,41.32,41.19,75.58,17.82
2026,0.83,0,26.14,43.23,49.11,92.67,20.19
2027,0.92,0,22.45,49.91,34.65,68.17,8.81
2028,1.0,0,36.51,52.12,61.31,126.34,23.4
2029,1.08,0,20.67,42.56,39.69,83.46,13.86
2030,1.17,0,21.68,44.38,48.42,95.83,21.81
2031,1.25,0,29.1,46.77,60.14,115.87,14.68
2032,1.33,0,25.74,42.86,46.13,96.02,12.46
2033,1.42,0,29.33,49.78,53.26,102.91,19.93
2034,1.5,0,27.85,47.6,33.42,73.84,25.49
2035,1.58,0,24.66,47.51,29.59,62.18,9.67
2036,1.67,0,22.05,44.93,50.2,106.83,18.87
2037,1.75,0,30.81,49.13,36.97,71.83,19.94
2038,1.83,0,22.75,40.77,44.92,90.21,15.56
2039,1.92,0,29.42,50.06,48.92,93.46,25.65
2040,2.0,0,30.9,46.73,61.93,129.61,10.07
2041,2.08,0,27.46,45.69,47.67,95.91,21.31
2042,2.17,0,27.07,46.12,61.9,116.38,20.66
2043,2.25,0,24.93,42.1,43.28,83.4,21.02
2044,2.33,0,30.24,47.44,60.45,121.39,21.84
2045,2.42,0,18.21,41.89,24.87,45.67,15.49
2046,2.5,0,31.64,48.48,37.97,77.45,16.69
2047,2.58,0,29.82,45.02,50.56,96.74,15.01
2048,2.67,0,28.9,49.86,38.47,78.46,19.58
2049,2.75,0,30.81,49.66,51.49,103.2,17.68
2050,2.83,0,25.45,44.72,42.23,85.52,15.52
2051,2.92,0,22.11,43.79,46.37,92.13,13.31
2052,3.0,0,32.5,51.3,45.48,92.7,16.49
2053,3.08,0,35.78,50.58,61.33,129.14,22.05
2054,3.17,0,25.4,43.95,52.39,110.67,16.42
2055,3.25,0,28.13,47.49,47.11,93.11,21.87
2056,3.33,0,34.78,48.47,60.56,122.63,13.28
2057,3.42,0,33.74,48.77,47.66,99.16,20.92
2058,3.5,0,43.2,54.34,63.77,122.9,16.77
2059,3.58,0,36.94,53.73,48.59,97.3,24.07
2060,3.67,0,36.45,55.45,77.45,152.1,24.06
2061,3.75,0,31.22,51.77,62.29,118.47,12.16
2062,3.83,0,36.09,51.1,71.59,137.66,15.96
2063,3.92,0,39.86,57.45,72.55,139.59,17.07
2064,4.0,0,57.57,62.02,78.77,150.44,64.15
2065,4.08,0,58.11,59.19,72.46,138.88,56.86
2066,4.17,0,59.4,61.92,82.89,161.41,62.32
2067,4.25,0,56.97,59.32,87.17,167.03,56.31
2068,4.33,0,60.63,59.79,85.43,166.98,64.17
2069,4.42,0,37.8,49.66,45.36,104.25,24.15
2070,4.5,0,42.53,53.84,72.01,136.94,27.31
2071,4.58,0,37.09,53.2,46.72,95.19,18.59
2072,4.67,0,40.52,55.37,60.25,120.99,20.14
2073,4.75,0,38.01,49.62,74.57,149.68,18.95
2074,4.83,0,41.23,52.94,64.86,128.92,20.41
2075,4.92,0,38.53,53.31,69.85,130.26,17.93
2076,5.0,0,41.83,54.13,67.97,129.04,24.69
2077,5.08,0,42.8,55.65,58.28,115.64,17.66
2078,5.17,0,36.94,50.75,65.16,123.83,18.66
2079,5.25,0,44.96,57.78,68.44,125.81,22.01
2080,5.33,0,40.94,53.42,52.25,100.01,22.2
2081,5.42,0,40.31,54.66,50.15,96.26,15.32
2082,5.5,0,39.9,52.2,65.95,123.67,18.99
2083,5.58,0,43.87,54.86,84.77,175.22,21.05
2084,5.67,0,43.24,51.27,58.28,116.48,24.02
2085,5.75,0,44.99,53.57,61.33,120.98,20.39
2086,5.83,0,45.49,55.06,72.77,145.59,20.96
2087,5.92,0,46.69,56.21,60.52,127.93,22.22
2088,6.0,0,54.72,64.99,99.49,191.02,27.88
2089,6.08,0,45.58,54.75,62.76,128.06,13.19
2090,6.17,0,43.3,51.73,62.97,120.84,21.25
2091,6.25,0,39.24,56.06,55.65,105.64,24.49
2092,6.33,0,42.56,56.31,73.55,146.94,17.33
2093,6.42,0,51.5,55.86,94.1,183.83,19.86
2094,6.5,0,50.13,58.49,69.53,139.14,27.43
2095,6.58,0,43.32,56.16,73.91,143.67,19.43
2096,6.67,0,57.1,61.02,73.07,137.63,23.0
2097,6.75,0,50.05,58.17,82.73,156.51,23.62
2098,6.83,0,50.94,56.66,90.19,178.13,12.73
2099,6.92,0,57.61,61.93,95.75,179.39,17.13
2100,7.0,0,56.26,59.34,83.58,161.38,26.38
2101,7.08,0,53.33,53.71,70.73,133.47,22.35
2102,7.17,0,53.92,59.65,79.71,152.51,22.84
2103,7.25,0,54.66,56.24,78.1,145.18,21.04
2104,7.33,0,51.0,59.98,72.62,140.35,21.65
2105,7.42,0,53.25,56.7,80.56,152.61,28.08
2106,7.5,0,54.66,54.69,80.06,145.58,24.19
2107,7.58,0,52.61,55.14,83.8,164.11,27.39
2108,7.67,0,50.07,57.45,80.8,158.49,21.9
2109,7.75,0,52.91,59.18,77.99,150.67,23.31
2110,7.83,0,50.78,55.02,79.39,147.28,24.0
2111,7.92,0,54.85,57.54,91.39,168.94,25.82
2112,8.0,0,68.21,65.68,92.6,188.34,52.83
2113,8.08,0,76.01,71.15,106.34,191.42,58.07
2114,8.17,0,50.04,55.1,66.82,124.82,19.81
2115,8.25,0,54.7,60.37,84.48,172.81,29.71
2116,8.33,0,58.24,57.73,86.47,177.96,17.66
2117,8.42,0,59.6,62.45,90.2,180.86,27.24
2118,8.5,0,59.53,63.3,78.52,154.0,21.79
2119,8.58,0,58.64,62.44,91.49,171.5,20.12
2120,8.67,0,53.94,61.26,80.54,146.56,22.28
2121,8.75,0,61.62,64.58,97.18,186.95,30.57
2122,8.83,0,54.67,63.3,77.11,144.98,21.1
2123,8.92,0,62.66,63.41,95.65,189.43,18.45
2124,9.0,0,61.34,66.3,92.17,166.63,21.56
2125,9.08,0,64.2,62.0,104.24,198.64,26.55
2126,9.17,0,59.83,61.51,85.87,169.21,18.49
2127,9.25,0,57.17,60.5,79.17,157.56,27.18
2128,9.33,0,55.8,58.02,78.01,154.58,17.62
2129,9.42,0,56.46,55.69,73.89,144.7,22.19
2130,9.5,0,55.14,61.55,77.14,149.49,27.06
2131,9.58,0,64.43,62.13,77.31,153.7,24.1
2132,9.67,0,65.12,63.5,104.09,199.07,20.91
2133,9.75,0,63.57,66.77,106.75,204.02,25.53
2134,9.83,0,61.75,63.93,87.92,168.43,23.46
2135,9.92,0,69.31,69.67,101.68,191.1,32.18
2136,10.0,0,61.98,63.13,90.68,166.48,28.78
2137,10.08,0,63.31,64.6,80.46,148.95,27.85
2138,10.17,0,62.57,62.68,98.3,185.02,25.73
2139,10.25,0,61.75,61.09,98.51,186.71,24.56
2140,10.33,0,65.33,65.5,85.07,158.29,25.44
2141,10.42,0,61.09,61.62,90.95,168.49,18.43
2142,10.5,0,61.03,63.75,86.13,163.21,25.27
2143,10.58,0,66.03,63.57,103.75,201.26,23.34
2144,10.67,0,62.05,62.57,88.8,159.84,25.17
2145,10.75,0,64.41,63.79,91.84,170.62,26.31
2146,10.83,0,62.88,65.45,105.02,199.85,23.78
2147,10.92,0,64.16,63.02,81.71,163.51,29.77
2148,11.0,0,61.96,65.26,91.34,185.21,21.19
2149,11.08,0,62.18,61.17,90.33,170.88,23.57
2150,11.17,0,61.66,63.29,84.16,159.7,24.1
2151,11.25,0,67.57,64.03,112.4,211.63,31.51
2152,11.33,0,65.3,66.62,96.05,184.02,26.45
2153,11.42,0,67.98,63.95,101.95,193.29,26.93
2154,11.5,0,68.42,64.35,103.62,197.1,30.59
2155,11.58,0,63.27,60.96,88.36,162.36,23.73
2156,11.67,0,68.01,65.81,106.55,193.47,30.5
2157,11.75,0,64.91,65.39,101.21,195.76,27.82
2158,11.83,0,64.43,64.96,91.33,173.44,31.06
2159,11.92,0,69.38,65.93,105.76,204.54,25.83
2160,12.0,0,83.06,71.05,124.59,235.38,53.76
2161,12.08,0,79.88,70.39,117.22,213.82,54.72
2162,12.17,0,66.69,64.53,88.35,176.79,26.43
2163,12.25,0,60.53,62.74,86.89,166.57,28.2
2164,12.33,0,65.79,64.97,97.75,182.21,25.58
2165,12.42,0,59.63,65.31,88.58,166.77,20.67
2166,12.5,0,61.38,62.7,82.7,152.8,30.76
2167,12.58,0,66.81,65.79,92.88,178.85,34.36
2168,12.67,0,55.35,60.05,84.24,161.07,17.57
2169,12.75,0,70.92,66.26,88.04,178.56,29.65
2170,12.83,0,67.45,66.06,96.09,185.56,29.85
2171,12.92,0,57.99,60.26,90.16,182.08,25.47
2172,13.0,0,72.71,67.6,104.52,193.33,34.47
2173,13.08,0,73.56,70.42,96.41,181.89,23.02
2174,13.17,0,63.44,62.58,85.68,168.67,23.61
2175,13.25,0,60.7,63.09,99.73,192.46,25.6
2176,13.33,0,69.7,61.4,91.13,173.96,31.1
2177,13.42,0,62.44,62.73,99.41,183.55,30.44
2178,13.5,0,64.04,62.83,86.88,156.38,21.19
2179,13.58,0,67.57,65.65,105.12,198.12,19.79
2180,13.67,0,62.59,62.69,94.44,179.1,28.77
2181,13.75,0,62.09,63.23,86.73,166.75,25.99
2182,13.83,0,58.29,60.47,70.81,130.23,25.23
2183,13.92,0,60.33,62.92,90.58,168.65,28.3
2184,14.0,0,61.41,59.2,90.14,174.21,22.11
2185,14.08,0,57.76,61.22,87.63,170.65,23.48
2186,14.17,0,57.85,59.16,88.74,170.73,26.56
2187,14.25,0,61.75,65.12,78.58,149.72,21.63
2188,14.33,0,54.91,57.8,84.04,155.33,21.56
2189,14.42,0,58.05,63.11,90.6,177.85,24.93
2190,14.5,0,67.67,65.43,102.05,197.33,29.01
2191,14.58,0,59.39,58.07,76.24,144.36,19.06
2192,14.67,0,58.67,59.65,94.64,184.52,27.34
2193,14.75,0,58.81,63.16,89.0,169.86,26.45
2194,14.83,0,58.58,62.94,89.74,168.11,21.27
2195,14.92,0,61.46,60.06,81.59,161.49,34.36
2196,15.0,0,60.91,65.53,94.15,179.97,21.43
2197,15.08,0,57.46,60.81,70.16,134.15,27.3
2198,15.17,0,57.76,62.76,77.53,143.14,25.55
2199,15.25,0,62.78,60.83,100.47,184.9,24.04
2200,15.33,0,52.57,57.74,83.75,164.99,23.5
2201,15.42,0,57.32,61.62,86.11,167.27,26.46
2202,15.5,0,57.65,60.32,91.73,169.26,35.83
2203,15.58,0,54.11,53.51,88.03,162.52,17.73
2204,15.67,0,56.07,59.85,88.35,179.53,14.02
2205,15.75,0,52.92,54.88,76.77,150.5,19.19
2206,15.83,0,57.98,58.95,77.55,155.63,24.37
2207,15.92,0,50.69,55.01,70.52,144.4,25.33
2208,16.0,0,80.07,73.3,122.37,225.62,62.43
2209,16.08,0,75.71,71.96,95.65,190.89,60.35
2210,16.17,0,74.02,68.99,107.75,198.56,66.68
2211,16.25,0,71.68,66.8,104.96,202.57,56.78
2212,16.33,0,57.06,60.73,95.22,180.81,30.91
2213,16.42,0,50.77,60.11,79.84,157.34,25.18
2214,16.5,0,48.57,52.89,69.9,134.76,28.14
2215,16.58,0,55.93,58.02,78.85,154.68,20.21
2216,16.67,0,48.68,58.91,73.36,148.86,20.76
2217,16.75,0,51.1,60.42,85.38,169.28,16.93
2218,16.83,0,53.88,60.43,86.11,164.69,24.67
2219,16.92,0,51.15,55.93,67.69,127.08,24.07
2220,17.0,0,56.23,62.28,84.71,160.99,32.09
2221,17.08,0,46.83,58.8,77.8,152.26,22.03
2222,17.17,0,48.59,58.3,71.41,141.8,16.08
2223,17.25,0,48.44,51.81,58.12,119.97,25.89
2224,17.33,0,50.65,58.04,74.2,139.91,19.01
2225,17.42,0,52.55,59.82,66.18,124.47,18.06
2226,17.5,0,47.87,55.51,59.29,111.63,24.77
2227,17.58,0,46.7,56.39,79.56,152.22,18.6
2228,17.67,0,41.55,52.67,85.03,164.13,17.99
2229,17.75,0,46.7,54.29,81.96,159.37,27.29
2230,17.83,0,43.6,57.64,52.32,97.1,22.95
2231,17.92,0,47.6,56.85,70.74,132.56,24.29
2232,18.0,0,43.57,52.39,62.56,119.1,15.39
2233,18.08,0,43.72,51.92,55.7,119.05,23.75
2234,18.17,0,39.02,50.84,65.54,126.06,18.64
2235,18.25,0,37.35,50.1,58.34,107.64,17.56
2236,18.33,0,49.77,57.69,65.41,129.65,24.08
2237,18.42,0,43.28,55.45,51.93,102.93,20.85
2238,18.5,0,43.8,55.68,62.69,116.98,15.1
2239,18.58,0,38.76,50.94,61.58,118.48,23.5
2240,18.67,0,44.59,56.91,67.56,129.91,25.34
2241,18.75,0,43.53,57.04,75.74,145.72,18.53
2242,18.83,0,37.86,51.52,63.14,128.3,21.9
2243,18.92,0,36.54,49.38,56.09,113.76,22.79
2244,19.0,0,37.26,51.97,53.17,106.34,11.84
2245,19.08,0,39.3,57.01,48.0,101.33,17.77
2246,19.17,0,39.57,50.69,53.75,104.71,11.18
2247,19.25,0,38.71,51.37,72.31,136.54,22.21
2248,19.33,0,42.71,54.33,73.16,143.24,22.46
2249,19.42,0,35.25,51.95,59.61,118.45,16.19
2250,19.5,0,33.54,46.12,51.3,94.96,17.78
2251,19.58,0,36.95,54.24,69.26,142.14,17.76
2252,19.67,0,30.62,51.36,43.66,83.49,9.49
2253,19.75,0,38.59,51.52,53.31,108.6,24.85
2254,19.83,0,36.11,56.66,57.58,116.41,20.05
2255,19.92,0,34.2,52.84,41.04,73.87,17.97
2256,20.0,0,51.6,60.57,68.61,134.63,49.32
2257,20.08,0,55.79,62.48,80.06,162.29,53.75
2258,20.17,0,37.33,54.11,56.1,107.44,12.98
2259,20.25,0,33.03,49.82,46.73,84.62,14.76
2260,20.33,0,35.6,50.78,74.0,142.62,19.75
2261,20.42,0,36.2,49.4,69.34,137.14,23.51
2262,20.5,0,34.0,49.14,69.52,134.69,8.86
2263,20.58,0,31.76,48.67,52.32,99.43,21.92
2264,20.67,0,33.48,50.2,51.27,97.13,15.54
2265,20.75,0,28.18,50.88,61.62,112.81,15.9
2266,20.83,0,31.74,45.08,53.77,97.4,18.07
2267,20.92,0,30.35,51.35,42.94,85.58,13.17
2268,21.0,0,29.49,46.25,42.46,88.55,12.41
2269,21.08,0,24.51,45.82,41.82,86.07,16.96
2270,21.17,0,26.66,45.55,46.81,95.52,24.24
2271,21.25,0,28.26,51.43,49.57,102.38,13.28
2272,21.33,0,32.81,48.77,52.91,111.77,14.39
2273,21.42,0,30.4,49.72,70.2,136.5,12.71
2274,21.5,0,32.42,50.74,43.08,89.27,17.2
2275,21.58,0,33.22,47.63,60.25,120.2,14.37
2276,21.67,0,29.77,48.2,46.9,95.16,13.6
2277,21.75,0,28.86,50.4,49.32,98.88,18.06
2278,21.83,0,24.73,44.38,52.2,104.45,10.4
2279,21.92,0,34.86,52.34,42.56,94.42,25.2
2280,22.0,0,22.72,44.56,34.69,79.61,10.98
2281,22.08,0,27.88,49.87,47.39,86.76,21.5
2282,22.17,0,53.48,62.56,149.26,279.76,31.26
2283,22.25,0,30.03,44.5,62.8,123.07,22.3
2284,22.33,0,50.59,55.09,155.34,295.92,26.94
2285,22.42,0,25.22,45.47,30.27,64.31,19.49
2286,22.5,0,23.73,48.61,35.07,74.39,16.79
2287,22.58,0,19.43,44.81,30.24,61.19,19.57
2288,22.67,0,26.66,44.51,46.55,97.86,15.62
2289,22.75,0,23.55,46.96,28.44,54.96,19.35
2290,22.83,0,31.19,47.21,61.22,118.66,22.23
2291,22.92,0,27.95,49.32,33.54,65.11,19.02
2292,23.0,0,25.83,47.7,54.25,106.15,15.38
2293,23.08,0,23.92,43.93,50.67,98.46,17.93
2294,23.17,0,25.88,46.51,37.3,81.32,14.99
2295,23.25,0,24.49,48.47,54.48,106.97,13.95
2296,23.33,0,25.55,42.71,42.99,94.84,19.54
2297,23.42,0,31.89,49.95,48.52,96.14,18.56
2298,23.5,0,21.44,42.44,37.36,71.84,18.46
2299,23.58,0,24.53,46.01,41.75,83.93,16.74
2300,23.67,0,27.55,48.31,46.11,95.38,18.93
2301,23.75,0,23.64,49.67,41.6,93.32,21.5
2302,23.83,0,30.55,48.7,44.54,86.95,16.99
2303,23.92,0,27.38,50.25,42.59,94.95,15.23
2304,0.0,1,37.7,50.28,55.66,109.24,43.96
2305,0.08,1,40.93,52.43,77.5,147.27,33.05
2306,0.17,1,37.76,53.17,55.75,114.22,45.09
2307,0.25,1,37.47,52.26,54.88,115.89,38.73
2308,0.33,1,39.8,52.25,74.89,147.58,49.47
2309,0.42,1,29.54,47.58,47.87,89.1,20.54
2310,0.5,1,27.78,50.17,41.21,85.85,20.61
2311,0.58,1,25.15,45.74,36.33,86.27,20.05
2312,0.67,1,28.04,45.58,37.28,67.11,15.17
2313,0.75,1,26.32,45.14,50.92,103.52,15.54
2314,0.83,1,21.38,45.96,26.22,55.77,8.58
2315,0.92,1,25.07,50.79,55.85,105.85,22.24
2316,1.0,1,25.43,45.39,44.78,95.77,11.2
2317,1.08,1,28.46,52.11,45.66,83.5,17.06
2318,1.17,1,57.18,60.71,164.9,305.06,29.2
2319,1.25,1,22.87,44.73,46.14,98.07,21.85
2320,1.33,1,26.05,44.9,42.5,90.93,15.51
2321,1.42,1,24.1,45.45,42.39,89.28,9.2
2322,1.5,1,25.39,44.91,53.89,107.87,17.27
2323,1.58,1,26.41,45.21,49.47,98.42,17.94
2324,1.67,1,25.53,43.19,35.64,71.8,18.08
2325,1.75,1,30.43,52.23,45.86,87.69,16.39
2326,1.83,1,32.21,51.62,39.4,84.99,17.5
2327,1.92,1,30.49,49.26,56.5,112.76,14.85
2328,2.0,1,21.48,44.38,46.55,98.01,16.0
2329,2.08,1,25.65,46.53,38.31,75.05,19.62
2330,2.17,1,27.51,45.82,66.45,125.59,17.93
2331,2.25,1,21.91,42.59,60.79,121.91,15.3
2332,2.33,1,25.55,47.93,45.84,82.52,20.88
2333,2.42,1,28.2,47.17,42.46,76.43,18.08
2334,2.5,1,27.56,48.05,50.26,105.54,17.01
2335,2.58,1,29.43,44.92,43.75,85.22,17.67
2336,2.67,1,24.85,45.55,52.42,105.31,11.37
2337,2.75,1,28.35,45.45,50.35,102.53,12.73
2338,2.83,1,60.21,63.06,162.73,308.09,24.56
2339,2.92,1,30.59,50.76,65.78,126.2,14.7
2340,3.0,1,32.42,52.51,48.95,96.19,17.92
2341,3.08,1,32.53,48.38,49.4,95.85,21.56
2342,3.17,1,30.06,46.27,57.94,117.4,20.34
2343,3.25,1,32.23,48.67,50.3,103.88,19.63
2344,3.33,1,61.61,61.33,182.44,344.79,28.78
2345,3.42,1,31.54,50.05,60.85,113.29,22.01
2346,3.5,1,29.13,45.3,46.99,105.74,21.26
2347,3.58,1,36.9,48.1,44.79,89.06,23.1
2348,3.67,1,32.57,48.96,42.47,86.2,13.35
2349,3.75,1,37.61,53.38,56.28,112.12,11.84
2350,3.83,1,35.34,48.85,60.65,114.62,15.72
2351,3.92,1,31.52,50.88,61.65,118.91,16.05
2352,4.0,1,61.48,63.4,87.04,173.97,67.49
2353,4.08,1,63.82,66.81,84.47,169.43,63.97
2354,4.17,1,61.1,60.89,87.19,167.97,61.76
2355,4.25,1,62.02,59.69,89.58,176.47,64.56
2356,4.33,1,34.62,51.77,66.98,132.62,20.8
2357,4.42,1,37.03,52.22,69.43,134.69,22.36
2358,4.5,1,38.18,52.59,52.8,101.27,17.89
2359,4.58,1,35.73,48.98,61.5,116.4,15.1
2360,4.67,1,34.38,52.02,49.43,95.18,15.48
2361,4.75,1,43.08,53.12,60.09,126.24,21.25
2362,4.83,1,41.1,53.9,72.63,145.1,16.07
2363,4.92,1,37.49,50.95,58.39,122.31,23.16
2364,5.0,1,40.59,53.98,68.83,135.89,15.98
2365,5.08,1,35.07,48.39,61.36,116.05,12.54
2366,5.17,1,33.75,51.19,54.87,111.78,19.06
2367,5.25,1,44.89,56.52,71.54,145.11,20.12
2368,5.33,1,42.33,54.28,67.43,134.57,22.47
2369,5.42,1,41.79,57.09,55.95,104.12,18.45
2370,5.5,1,43.2,54.86,70.74,129.97,22.41
2371,5.58,1,54.11,61.19,74.29,146.9,27.56
2372,5.67,1,46.3,56.02,62.01,120.05,19.08
2373,5.75,1,40.03,54.67,69.88,137.34,22.06
2374,5.83,1,38.25,49.14,56.16,107.48,26.74
2375,5.92,1,48.25,56.78,81.79,157.86,25.15
2376,6.0,1,48.0,54.34,81.38,150.99,18.83
2377,6.08,1,47.45,56.63,68.12,133.86,23.2
2378,6.17,1,43.03,55.13,75.18,148.96,15.55
2379,6.25,1,47.58,58.03,68.98,138.08,17.26
2380,6.33,1,44.21,55.87,67.51,124.98,27.02
2381,6.42,1,49.5,56.6,78.35,153.37,24.01
2382,6.5,1,51.05,56.47,92.57,173.7,28.92
2383,6.58,1,46.14,51.08,77.9,157.85,23.24
2384,6.67,1,52.43,58.73,77.46,154.21,20.93
2385,6.75,1,49.3,59.46,74.99,145.11,22.5
2386,6.83,1,51.05,58.19,63.6,135.38,23.84
2387,6.92,1,45.17,55.16,77.24,145.4,30.15
2388,7.0,1,50.99,58.23,83.37,159.77,25.56
2389,7.08,1,48.23,55.93,75.15,147.97,19.08
2390,7.17,1,52.68,59.09,83.95,171.29,22.4
2391,7.25,1,56.56,59.64,67.88,139.5,26.03
2392,7.33,1,52.85,56.99,69.77,139.6,18.86
2393,7.42,1,49.1,56.94,88.33,164.6,22.2
2394,7.5,1,54.85,59.49,78.75,147.36,22.89
2395,7.58,1,54.46,63.26,86.41,169.02,25.56
2396,7.67,1,60.66,60.68,81.82,151.01,24.77
2397,7.75,1,54.73,59.31,77.14,150.46,18.09
2398,7.83,1,52.19,57.97,92.46,180.45,22.86
2399,7.92,1,57.32,59.9,82.52,151.15,27.4
2400,8.0,1,81.41,72.66,116.88,223.62,76.41
2401,8.08,1,82.51,76.6,115.05,221.58,74.75
2402,8.17,1,79.35,70.07,112.19,210.13,63.73
2403,8.25,1,82.54,73.17,115.74,217.55,65.57
2404,8.33,1,56.58,56.64,67.9,123.27,19.92
2405,8.42,1,56.38,59.58,86.47,165.1,30.12
2406,8.5,1,55.11,62.91,76.83,140.66,25.76
2407,8.58,1,58.53,61.23,99.47,185.59,35.19
2408,8.67,1,54.62,60.59,74.37,141.85,28.79
2409,8.75,1,54.13,58.11,76.18,141.35,23.91
2410,8.83,1,61.0,62.96,107.76,197.74,23.43
2411,8.92,1,60.99,65.71,93.98,173.17,26.74
2412,9.0,1,54.57,57.23,72.61,146.8,27.01
2413,9.08,1,53.04,63.24,80.06,153.76,28.1
2414,9.17,1,56.21,57.2,72.69,147.18,22.9
2415,9.25,1,59.59,60.84,88.57,167.39,33.66
2416,9.33,1,64.36,62.29,85.8,162.52,25.91
2417,9.42,1,60.06,61.48,101.99,191.47,29.75
2418,9.5,1,58.17,59.48,88.18,158.72,25.89
2419,9.58,1,61.65,60.89,93.2,180.29,23.99
2420,9.67,1,60.98,60.07,95.78,181.87,17.39
2421,9.75,1,56.8,61.85,91.65,175.22,19.24
2422,9.83,1,57.06,60.2,77.95,140.32,28.97
2423,9.92,1,57.38,59.82,84.62,162.16,27.35
2424,10.0,1,71.0,67.51,96.64,181.75,30.12
2425,10.08,1,65.54,61.51,110.41,209.36,32.6
2426,10.17,1,60.66,62.91,72.79,140.65,21.25
2427,10.25,1,66.82,64.88,90.58,170.61,24.82
2428,10.33,1,61.14,62.39,87.73,170.72,23.67
2429,10.42,1,67.07,66.22,96.58,188.97,21.41
2430,10.5,1,63.76,66.98,92.44,174.36,22.74
2431,10.58,1,61.33,63.25,88.23,161.58,21.04
2432,10.67,1,66.17,64.38,93.11,170.68,20.26
2433,10.75,1,64.42,61.62,94.23,181.74,22.52
2434,10.83,1,65.47,59.68,97.25,191.54,26.1
2435,10.92,1,64.96,64.49,107.27,194.02,33.39
2436,11.0,1,65.04,61.75,107.3,198.05,22.18
2437,11.08,1,67.23,60.17,98.08,184.89,31.1
2438,11.17,1,73.57,67.4,99.32,178.78,29.28
2439,11.25,1,68.99,66.52,94.38,179.4,28.99
2440,11.33,1,65.46,65.95,83.05,161.3,26.95
2441,11.42,1,63.68,65.78,99.04,190.67,18.51
2442,11.5,1,64.13,65.61,91.59,172.87,21.82
2443,11.58,1,60.48,64.02,91.08,172.16,27.42
2444,11.67,1,67.25,62.33,98.37,181.96,27.0
2445,11.75,1,61.4,62.33,83.1,150.73,18.77
2446,11.83,1,63.68,64.81,84.84,161.78,25.05
2447,11.92,1,67.34,65.4,92.19,177.98,29.2
2448,12.0,1,80.28,70.82,115.22,217.48,49.22
2449,12.08,1,79.38,70.78,109.61,212.85,52.43
2450,12.17,1,76.9,70.1,93.16,179.41,59.46
2451,12.25,1,85.29,73.23,109.15,209.77,57.84
2452,12.33,1,62.01,61.21,87.27,167.92,31.85
2453,12.42,1,62.83,59.87,90.15,181.57,24.2
2454,12.5,1,58.56,60.94,89.39,168.46,28.97
2455,12.58,1,64.7,64.23,92.95,180.71,22.05
2456,12.67,1,63.53,63.68,88.33,170.24,29.2
2457,12.75,1,65.25,66.27,90.13,175.92,23.45
2458,12.83,1,60.41,64.45,89.11,172.06,26.93
2459,12.92,1,67.0,64.94,98.74,187.52,28.78
2460,13.0,1,57.88,60.85,81.82,159.17,27.22
2461,13.08,1,63.88,64.89,83.03,161.98,21.94
2462,13.17,1,64.48,64.87,91.59,178.02,27.39
2463,13.25,1,64.14,62.98,86.77,173.5,26.14
2464,13.33,1,64.35,65.27,94.52,181.1,31.1
2465,13.42,1,66.4,64.59,106.53,196.26,24.04
2466,13.5,1,68.11,65.4,85.92,165.49,21.8
2467,13.58,1,62.76,64.11,99.52,186.91,19.11
2468,13.67,1,59.74,61.28,90.44,170.43,23.79
2469,13.75,1,64.9,64.39,101.7,191.46,24.52
2470,13.83,1,61.76,63.39,85.63,159.61,24.24
2471,13.92,1,66.96,66.77,83.78,150.81,25.56
2472,14.0,1,60.21,63.59,88.69,177.03,30.63
2473,14.08,1,59.1,62.13,97.11,182.36,24.19
2474,14.17,1,62.37,57.85,81.36,147.88,30.12
2475,14.25,1,55.54,60.48,74.36,144.75,25.42
2476,14.33,1,59.75,62.68,91.39,177.59,21.29
2477,14.42,1,59.97,63.19,82.87,158.28,25.03
2478,14.5,1,61.64,60.83,102.3,187.69,31.59
2479,14.58,1,57.11,56.46,88.75,162.67,28.34
2480,14.67,1,57.24,62.37,77.94,161.7,29.12
2481,14.75,1,64.09,61.39,87.39,160.24,28.04
2482,14.83,1,59.7,64.31,82.44,150.24,23.02
2483,14.92,1,62.47,61.96,89.62,169.78,32.18
2484,15.0,1,57.25,58.71,86.13,169.14,26.55
2485,15.08,1,58.64,62.09,87.22,175.29,28.38
2486,15.17,1,59.26,62.9,77.12,147.75,25.25
2487,15.25,1,64.3,65.05,99.38,187.75,21.94
2488,15.33,1,57.09,61.7,81.19,149.73,25.85
2489,15.42,1,56.94,59.21,75.9,152.07,31.01
2490,15.5,1,61.02,59.4,84.52,161.78,28.49
2491,15.58,1,55.5,59.19,89.71,171.29,26.09
2492,15.67,1,57.47,58.57,85.48,166.04,20.93
2493,15.75,1,59.65,62.71,88.8,171.35,31.0
2494,15.83,1,53.73,60.93,70.12,135.51,28.82
2495,15.92,1,56.57,60.8,83.94,167.69,17.01
2496,16.0,1,85.88,73.64,126.03,228.84,72.33
2497,16.08,1,82.61,71.55,99.71,190.53,66.8
2498,16.17,1,80.0,72.96,107.89,206.23,68.32
2499,16.25,1,77.83,66.36,113.38,212.02,63.34
2500,16.33,1,51.34,55.69,77.87,153.25,23.32
2501,16.42,1,49.6,60.97,66.37,132.77,18.0
2502,16.5,1,57.94,58.56,87.71,173.43,21.27
2503,16.58,1,56.85,61.65,73.88,142.43,26.28
2504,16.67,1,49.54,58.77,67.51,130.43,19.36
2505,16.75,1,52.61,54.82,72.03,142.35,24.87
2506,16.83,1,51.4,54.66,89.03,169.27,23.29
2507,16.92,1,54.74,62.16,67.33,123.59,33.21
2508,17.0,1,51.52,56.24,64.05,129.61,20.29
2509,17.08,1,49.67,55.46,76.88,139.2,21.07
2510,17.17,1,47.43,55.3,72.76,142.97,18.99
2511,17.25,1,50.09,55.6,71.35,151.13,28.24
2512,17.33,1,47.25,57.32,71.82,141.93,22.24
2513,17.42,1,48.81,54.6,65.06,123.64,21.56
2514,17.5,1,47.34,52.37,72.55,138.33,24.92
2515,17.58,1,45.87,57.96,71.73,140.96,17.99
2516,17.67,1,43.34,52.24,76.72,148.0,15.47
2517,17.75,1,79.42,69.23,203.83,380.67,30.99
2518,17.83,1,46.02,57.37,68.08,139.8,22.15
2519,17.92,1,51.69,58.4,66.84,136.89,19.98
2520,18.0,1,41.39,55.85,67.74,126.16,21.77
2521,18.08,1,46.75,57.73,70.03,136.14,29.09
2522,18.17,1,43.84,53.82,66.18,131.59,22.75
2523,18.25,1,51.04,60.01,63.36,131.63,14.83
2524,18.33,1,45.18,55.67,70.0,137.8,26.96
2525,18.42,1,43.96,53.58,71.13,134.62,28.95
2526,18.5,1,42.11,54.53,73.48,144.44,22.64
2527,18.58,1,39.5,50.15,58.35,124.13,20.56
2528,18.67,1,42.62,55.85,59.54,115.91,14.46
2529,18.75,1,36.26,52.73,54.4,104.42,15.6
2530,18.83,1,35.99,51.44,65.66,128.03,17.77
2531,18.92,1,43.79,50.87,78.64,148.29,18.01
2532,19.0,1,33.66,52.45,64.36,129.97,16.38
2533,19.08,1,38.28,53.1,66.12,125.8,20.07
2534,19.17,1,35.31,50.85,57.12,119.28,16.09
2535,19.25,1,37.16,51.36,60.58,121.53,25.37
2536,19.33,1,38.81,51.39,63.72,128.19,20.0
2537,19.42,1,41.2,52.85,62.42,125.8,22.32
2538,19.5,1,41.61,55.26,72.04,143.94,22.44
2539,19.58,1,33.73,49.14,42.25,84.51,19.96
2540,19.67,1,34.92,50.16,45.16,86.39,18.92
2541,19.75,1,50.34,57.4,62.17,119.52,26.58
2542,19.83,1,34.89,50.5,50.45,105.44,23.56
2543,19.92,1,32.29,48.3,64.52,117.3,9.82
2544,20.0,1,60.44,61.86,78.02,140.43,61.28
2545,20.08,1,61.72,63.46,79.84,154.84,65.18
2546,20.17,1,60.83,60.56,81.39,160.72,62.66
2547,20.25,1,61.01,62.13,97.08,189.64,64.23
2548,20.33,1,61.4,66.49,100.16,185.54,65.46
2549,20.42,1,33.07,49.76,62.81,117.16,17.24
2550,20.5,1,29.48,46.41,58.99,112.76,11.41
2551,20.58,1,33.77,48.1,68.74,131.78,16.79
2552,20.67,1,32.57,47.13,39.71,79.8,23.83
2553,20.75,1,33.55,53.35,45.46,92.44,17.38
2554,20.83,1,25.49,48.49,39.98,88.99,18.74
2555,20.92,1,31.72,46.69,53.89,106.7,17.66
2556,21.0,1,23.91,46.19,44.49,94.78,16.44
2557,21.08,1,29.94,50.92,51.85,106.61,17.02
2558,21.17,1,32.56,49.57,60.74,115.79,21.11
2559,21.25,1,33.62,49.15,40.35,85.84,15.12
2560,21.33,1,30.85,53.36,50.9,104.49,18.4
2561,21.42,1,31.77,45.48,55.24,109.44,15.63
2562,21.5,1,28.09,52.9,46.1,93.85,19.7
2563,21.58,1,27.09,47.31,49.02,97.95,12.34
2564,21.67,1,38.04,54.7,68.83,128.43,22.11
2565,21.75,1,31.27,46.67,53.02,117.26,18.65
2566,21.83,1,24.03,44.36,60.93,124.96,10.95
2567,21.92,1,21.83,42.66,48.8,100.48,22.44
2568,22.0,1,26.05,46.52,48.39,95.08,18.74
2569,22.08,1,31.64,49.85,56.99,112.13,13.57
2570,22.17,1,27.43,49.48,53.86,101.1,17.48
2571,22.25,1,19.28,40.25,51.62,105.26,8.26
2572,22.33,1,26.25,47.13,55.9,112.3,9.71
2573,22.42,1,26.69,48.8,51.14,101.01,21.46
2574,22.5,1,18.07,45.29,30.85,65.68,9.72
2575,22.58,1,26.44,46.02,50.05,98.6,19.76
2576,22.67,1,22.66,44.34,46.82,91.81,20.33
2577,22.75,1,19.64,43.65,44.79,86.74,10.97
2578,22.83,1,31.54,49.57,46.98,89.46,26.21
2579,22.92,1,22.1,47.55,47.42,91.85,15.9
2580,23.0,1,23.35,43.09,49.42,95.83,16.03
2581,23.08,1,23.19,43.86,33.15,75.12,11.8
2582,23.17,1,25.48,43.8,35.97,71.65,12.45
2583,23.25,1,31.57,50.06,61.82,111.28,9.12
2584,23.33,1,21.12,46.71,33.5,71.76,12.17
2585,23.42,1,24.16,43.03,56.29,114.44,20.7
2586,23.5,1,25.59,46.69,43.48,93.11,12.33
2587,23.58,1,22.08,46.99,44.57,91.06,11.79
2588,23.67,1,23.95,47.34,46.43,87.87,10.84
2589,23.75,1,27.12,48.75,41.83,81.3,11.34
2590,23.83,1,22.37,42.69,52.97,108.35,19.14
2591,23.92,1,44.6,56.61,118.24,230.13,16.29
2592,0.0,2,45.23,54.98,69.75,129.83,53.39
2593,0.08,2,46.38,58.01,55.66,111.25,52.79
2594,0.17,2,47.61,57.32,61.44,117.82,58.34
2595,0.25,2,48.84,55.35,82.62,154.6,51.48
2596,0.33,2,53.6,59.68,79.27,152.87,54.29
2597,0.42,2,15.81,43.75,29.29,62.06,9.58
2598,0.5,2,24.59,45.05,39.95,71.9,13.59
2599,0.58,2,20.46,44.46,43.94,90.1,11.51
2600,0.67,2,23.96,43.11,53.83,108.53,15.41
2601,0.75,2,28.47,48.91,44.67,94.14,23.52
2602,0.83,2,29.67,48.24,59.37,114.0,16.6
2603,0.92,2,29.93,50.3,49.63,91.4,22.18
2604,1.0,2,30.01,49.54,55.01,106.91,21.28
2605,1.08,2,25.19,45.52,31.03,69.38,16.13
2606,1.17,2,30.82,47.18,39.16,80.1,21.55
2607,1.25,2,31.65,47.09,59.54,121.42,18.84
2608,1.33,2,26.69,46.0,49.23,92.11,10.96
2609,1.42,2,30.48,50.49,54.81,112.71,17.46
2610,1.5,2,26.67,43.49,38.37,80.31,17.49
2611,1.58,2,31.63,47.16,49.58,97.47,24.96
2612,1.67,2,26.31,48.56,33.19,75.1,12.85
2613,1.75,2,24.93,48.88,38.14,79.84,18.06
2614,1.83,2,23.34,43.54,42.82,82.16,10.91
2615,1.92,2,26.86,44.99,49.85,104.64,22.89
2616,2.0,2,27.97,50.4,42.87,85.95,21.89
2617,2.08,2,24.59,45.82,48.93,98.25,11.35
2618,2.17,2,27.26,45.48,47.4,91.01,23.78
2619,2.25,2,26.53,49.03,45.03,90.79,20.94
2620,2.33,2,24.85,47.19,45.49,87.14,21.27
2621,2.42,2,32.5,51.1,70.79,136.57,24.4
2622,2.5,2,33.37,48.33,53.76,106.92,22.85
2623,2.58,2,33.01,50.61,62.23,125.05,16.91
2624,2.67,2,29.38,50.72,54.63,101.3,23.36
2625,2.75,2,29.88,49.73,48.88,102.99,13.9
2626,2.83,2,26.53,48.78,34.44,77.16,13.53
2627,2.92,2,32.0,52.21,48.39,96.15,16.18
2628,3.0,2,31.45,50.01,53.35,106.68,19.2
2629,3.08,2,41.12,52.38,63.51,125.85,16.61
2630,3.17,2,35.29,52.64,67.72,132.32,14.03
2631,3.25,2,32.92,47.6,48.63,100.55,14.56
2632,3.33,2,32.0,48.95,52.22,102.07,16.55
2633,3.42,2,35.99,52.37,62.47,118.65,19.28
2634,3.5,2,29.62,41.89,48.32,99.11,14.36
2635,3.58,2,37.16,52.23,67.38,123.66,14.44
2636,3.67,2,29.72,48.97,41.97,88.64,18.99
2637,3.75,2,31.92,47.09,41.15,87.68,25.2
2638,3.83,2,27.82,48.17,46.09,89.06,15.3
2639,3.92,2,36.77,51.93,58.56,122.52,22.76
2640,4.0,2,51.83,58.39,78.94,150.33,46.9
2641,4.08,2,49.37,59.59,75.35,143.44,48.82
2642,4.17,2,32.51,51.39,50.75,98.08,21.39
2643,4.25,2,40.98,54.72,52.11,106.04,20.26
2644,4.33,2,36.08,49.19,57.35,111.27,15.09
2645,4.42,2,34.26,50.38,47.8,88.85,13.64
2646,4.5,2,44.07,57.2,68.45,134.92,25.62
2647,4.58,2,35.45,50.52,48.68,96.16,21.39
2648,4.67,2,42.14,57.07,68.61,138.92,24.45
2649,4.75,2,34.54,51.88,69.79,137.17,21.34
2650,4.83,2,37.74,55.4,54.48,109.4,23.72
2651,4.92,2,41.16,51.39,54.27,112.76,21.18
2652,5.0,2,39.62,52.52,71.7,139.86,13.83
2653,5.08,2,41.1,53.37,78.46,155.13,21.4
2654,5.17,2,38.79,53.67,51.58,99.59,26.87
2655,5.25,2,35.51,49.5,56.87,120.6,20.28
2656,5.33,2,46.66,52.78,74.88,146.16,16.75
2657,5.42,2,40.29,53.88,61.26,114.26,23.01
2658,5.5,2,43.4,53.8,53.07,106.21,29.52
2659,5.58,2,45.28,54.43,58.35,115.97,19.09
2660,5.67,2,44.34,53.57,58.06,115.14,22.39
2661,5.75,2,41.21,53.79,56.13,101.04,22.2
2662,5.83,2,48.19,54.53,73.52,139.59,22.86
2663,5.92,2,46.36,55.47,79.42,146.03,24.78
2664,6.0,2,45.7,53.91,58.98,109.31,19.8
2665,6.08,2,46.05,54.5,63.97,125.98,24.02
2666,6.17,2,51.76,59.0,68.23,130.01,27.61
2667,6.25,2,43.75,55.99,69.81,133.84,20.0
2668,6.33,2,48.2,56.08,66.26,124.79,25.27
2669,6.42,2,45.33,57.33,61.31,127.25,19.82
2670,6.5,2,40.83,51.43,51.22,102.4,14.7
2671,6.58,2,41.17,50.49,75.29,137.9,14.77
2672,6.67,2,44.92,52.54,86.42,168.78,23.08
2673,6.75,2,46.6,53.82,71.59,137.15,14.14
2674,6.83,2,56.93,57.99,95.21,187.34,24.6
2675,6.92,2,52.2,62.53,73.1,141.54,19.89
2676,7.0,2,52.94,55.72,78.52,147.85,14.46
2677,7.08,2,48.37,58.64,78.25,148.14,24.82
2678,7.17,2,51.23,58.0,70.46,134.82,17.19
2679,7.25,2,59.5,62.22,85.12,165.67,34.11
2680,7.33,2,47.59,54.6,69.84,131.8,28.45
2681,7.42,2,53.85,59.88,83.12,165.83,23.2
2682,7.5,2,58.29,59.4,85.45,165.65,16.54
2683,7.58,2,56.44,62.24,76.9,149.55,25.29
2684,7.67,2,59.76,63.9,84.3,162.11,32.28
2685,7.75,2,54.59,59.3,89.43,170.87,27.89
2686,7.83,2,87.19,74.1,201.14,365.71,36.3
2687,7.92,2,55.0,60.62,84.7,163.92,29.93
2688,8.0,2,81.9,72.62,131.33,256.02,63.01
2689,8.08,2,77.2,71.79,98.6,190.94,71.2
2690,8.17,2,83.55,74.59,120.94,229.88,76.2
2691,8.25,2,82.17,71.92,114.05,207.61,65.61
2692,8.33,2,56.69,59.56,85.78,169.83,22.56
2693,8.42,2,62.94,64.95,91.98,179.58,31.95
2694,8.5,2,56.25,60.0,76.88,154.23,29.64
2695,8.58,2,61.75,63.01,80.81,150.95,21.96
2696,8.67,2,62.43,64.15,89.92,169.85,20.43
2697,8.75,2,61.18,64.48,82.16,150.46,24.84
2698,8.83,2,55.13,60.33,78.2,142.92,17.89
2699,8.92,2,60.09,60.86,93.49,175.4,21.59
2700,9.0,2,66.0,68.29,84.38,164.22,23.77
2701,9.08,2,53.08,61.95,77.17,146.82,27.77
2702,9.17,2,59.09,59.55,94.34,176.47,30.35
2703,9.25,2,64.1,62.02,87.87,169.86,30.54
2704,9.33,2,59.92,60.39,98.66,177.58,21.68
2705,9.42,2,63.43,65.24,78.71,148.97,25.52
2706,9.5,2,65.8,68.28,108.51,207.02,24.64
2707,9.58,2,61.94,61.86,89.47,169.03,26.34
2708,9.67,2,63.16,63.76,80.17,160.8,28.8
2709,9.75,2,61.95,61.37,96.01,179.51,23.58
2710,9.83,2,62.91,66.71,93.94,176.13,21.67
2711,9.92,2,69.46,67.91,109.41,202.0,33.66
2712,10.0,2,62.1,61.29,77.23,145.22,29.82
2713,10.08,2,61.3,58.38,79.79,155.01,26.68
2714,10.17,2,66.39,66.95,100.82,195.52,22.34
2715,10.25,2,59.99,60.85,107.38,214.06,28.46
2716,10.33,2,60.97,64.12,92.77,179.88,24.57
2717,10.42,2,61.18,63.12,94.25,173.77,16.41
2718,10.5,2,62.58,59.49,84.01,167.42,23.54
2719,10.58,2,62.9,61.69,89.02,172.68,27.56
2720,10.67,2,66.24,64.1,89.53,171.3,25.7
2721,10.75,2,62.74,61.88,94.31,185.09,27.72
2722,10.83,2,66.66,65.23,102.43,206.22,28.53
2723,10.92,2,67.23,66.05,97.16,183.94,22.43
2724,11.0,2,62.03,66.49,95.8,178.28,28.24
2725,11.08,2,67.38,66.26,95.62,188.76,29.95
2726,11.17,2,67.79,68.49,106.95,215.79,26.83
2727,11.25,2,58.45,60.35,78.25,151.58,24.67
2728,11.33,2,65.72,66.91,105.2,199.51,26.47
2729,11.42,2,62.99,62.59,84.86,163.62,31.8
2730,11.5,2,69.39,64.39,98.4,189.36,28.88
2731,11.58,2,63.07,61.46,81.13,149.0,26.27
2732,11.67,2,60.24,56.82,91.33,175.92,26.94
2733,11.75,2,64.85,65.89,93.88,180.34,28.01
2734,11.83,2,61.84,60.25,95.12,182.29,25.06
2735,11.92,2,67.97,68.4,82.69,159.68,21.65
2736,12.0,2,88.11,74.3,121.81,229.74,71.38
2737,12.08,2,90.88,72.79,127.28,229.11,74.0
2738,12.17,2,70.39,64.44,91.56,171.2,28.76
2739,12.25,2,68.8,66.34,101.83,197.57,25.21
2740,12.33,2,66.6,61.21,79.92,159.3,25.87
2741,12.42,2,64.43,65.18,91.3,172.23,30.08
2742,12.5,2,66.17,61.74,105.7,195.48,19.8
2743,12.58,2,67.18,63.75,94.52,183.73,23.82
2744,12.67,2,61.24,62.96,82.74,160.29,25.84
2745,12.75,2,67.6,66.35,95.6,181.46,31.06
2746,12.83,2,60.67,63.9,88.6,173.78,32.43
2747,12.92,2,66.43,62.28,101.89,187.5,30.17
2748,13.0,2,60.44,61.58,88.57,175.24,22.74
2749,13.08,2,71.07,69.17,106.38,193.98,20.72
2750,13.17,2,66.75,64.42,95.83,178.37,34.16
2751,13.25,2,58.49,61.91,79.2,147.35,21.26
2752,13.33,2,63.79,64.03,80.33,151.69,26.53
2753,13.42,2,61.82,65.42,92.15,177.4,24.99
2754,13.5,2,61.24,61.63,73.49,145.67,25.03
2755,13.58,2,63.82,60.94,77.46,149.03,21.29
2756,13.67,2,59.88,60.01,75.67,139.82,32.15
2757,13.75,2,65.6,64.9,99.44,178.99,22.9
2758,13.83,2,65.21,61.2,81.33,160.62,26.94
2759,13.92,2,63.76,62.61,95.28,185.11,24.16
2760,14.0,2,62.25,63.16,81.45,161.96,28.02
2761,14.08,2,64.41,62.45,91.12,173.35,25.27
2762,14.17,2,64.64,64.74,92.06,179.06,24.91
2763,14.25,2,63.22,64.9,89.57,168.04,30.15
2764,14.33,2,56.79,61.47,77.98,152.76,22.9
2765,14.42,2,58.37,58.17,72.51,138.12,30.24
2766,14.5,2,59.93,62.13,87.13,162.76,20.05
2767,14.58,2,55.43,60.26,85.98,165.92,22.86
2768,14.67,2,61.1,61.74,93.76,179.67,21.84
2769,14.75,2,85.9,74.28,171.03,322.41,31.6
2770,14.83,2,64.13,64.41,94.01,172.8,20.54
2771,14.92,2,62.04,62.73,83.27,164.53,27.99
2772,15.0,2,61.69,60.75,92.62,177.37,28.3
2773,15.08,2,66.58,64.91,98.2,192.1,32.67
2774,15.17,2,61.47,66.39,86.38,170.76,28.76
2775,15.25,2,61.43,61.86,89.1,160.37,28.7
2776,15.33,2,52.82,60.86,78.17,155.95,25.93
2777,15.42,2,62.18,63.06,93.27,183.36,24.67
2778,15.5,2,58.57,59.76,72.93,134.99,31.12
2779,15.58,2,56.55,59.85,70.35,128.81,26.35
2780,15.67,2,55.32,59.86,69.3,138.61,33.73
2781,15.75,2,54.19,60.7,76.47,148.22,30.56
2782,15.83,2,60.14,66.83,90.82,170.26,26.42
2783,15.92,2,55.28,59.98,66.33,136.59,25.4
2784,16.0,2,72.33,65.09,102.55,196.1,60.09
2785,16.08,2,71.04,63.66,109.8,197.64,62.78
2786,16.17,2,73.95,67.44,105.93,195.58,51.03
2787,16.25,2,71.71,65.01,86.05,170.1,61.86
2788,16.33,2,70.52,67.85,103.79,197.0,57.8
2789,16.42,2,48.22,57.83,74.8,141.04,26.38
2790,16.5,2,56.01,59.91,79.47,155.31,21.13
2791,16.58,2,51.77,59.61,78.57,148.39,19.88
2792,16.67,2,48.04,56.75,61.48,114.43,23.37
2793,16.75,2,50.48,61.45,75.98,151.85,26.52
2794,16.83,2,52.94,60.07,82.35,164.07,18.31
2795,16.92,2,50.7,59.61,70.29,138.93,21.08
2796,17.0,2,50.84,54.98,72.25,132.37,17.92
2797,17.08,2,49.9,55.11,70.34,145.87,24.15
2798,17.17,2,44.86,56.14,65.03,136.13,29.19
2799,17.25,2,52.22,55.4,71.02,144.21,21.72
2800,17.33,2,42.49,52.87,59.83,119.21,23.76
2801,17.42,2,49.66,59.7,78.72,152.15,22.9
2802,17.5,2,49.77,56.1,60.78,121.58,23.92
2803,17.58,2,46.41,53.46,72.15,134.17,19.22
2804,17.67,2,47.98,57.93,76.69,145.32,24.61
2805,17.75,2,45.34,59.55,58.58,112.52,20.53
2806,17.83,2,47.15,54.6,70.97,140.78,28.95
2807,17.92,2,48.91,59.46,66.36,130.69,20.18
2808,18.0,2,42.23,52.14,74.76,139.78,24.47
2809,18.08,2,46.92,55.89,69.66,127.43,29.63
2810,18.17,2,50.05,57.38,86.85,168.1,27.27
2811,18.25,2,44.62,53.51,79.12,147.1,17.54
2812,18.33,2,41.5,55.42,67.25,124.78,16.38
2813,18.42,2,50.74,54.76,93.03,187.94,24.5
2814,18.5,2,42.7,54.61,53.64,118.11,20.92
2815,18.58,2,42.77,56.39,77.88,147.95,22.75
2816,18.67,2,42.41,55.67,63.75,115.63,25.38
2817,18.75,2,42.67,55.18,65.19,133.39,21.02
2818,18.83,2,39.49,55.94,58.69,117.33,17.36
2819,18.92,2,40.91,52.97,52.49,108.34,21.06
2820,19.0,2,43.16,51.37,71.34,135.25,26.87
2821,19.08,2,38.1,52.41,50.79,96.23,19.67
2822,19.17,2,37.52,51.63,55.29,108.33,27.99
2823,19.25,2,37.55,47.67,55.68,111.1,22.93
2824,19.33,2,34.32,48.19,64.15,121.8,21.74
2825,19.42,2,35.36,48.41,56.84,118.8,16.66
2826,19.5,2,34.81,49.04,41.78,76.51,18.2
2827,19.58,2,36.94,50.92,52.14,105.9,21.33
2828,19.67,2,39.47,52.14,49.87,100.4,19.75
2829,19.75,2,41.24,52.0,68.51,139.41,25.35
2830,19.83,2,35.97,48.68,48.7,92.85,19.84
2831,19.92,2,36.98,52.39,54.53,111.68,16.89
2832,20.0,2,57.94,61.3,98.52,189.73,59.02
2833,20.08,2,49.38,57.51,79.35,154.05,54.19
2834,20.17,2,52.32,62.1,68.47,128.81,59.11
2835,20.25,2,58.64,61.71,91.96,171.67,55.9
2836,20.33,2,36.53,50.71,53.1,104.09,26.73
2837,20.42,2,36.1,51.03,64.9,124.3,13.27
2838,20.5,2,32.2,49.69,50.34,106.92,16.95
2839,20.58,2,25.5,47.71,37.92,78.93,17.35
2840,20.67,2,28.54,47.76,40.83,87.46,15.45
2841,20.75,2,28.75,44.05,51.8,95.98,8.43
2842,20.83,2,33.69,49.29,62.73,113.71,26.43
2843,20.92,2,29.92,48.47,53.88,106.1,20.81
2844,21.0,2,36.77,54.16,55.67,103.81,14.59
2845,21.08,2,35.69,49.49,43.45,88.41,14.89
2846,21.17,2,36.11,47.98,53.22,101.58,13.56
2847,21.25,2,26.76,47.17,37.09,78.29,16.52
2848,21.33,2,31.4,50.86,63.63,120.61,24.14
2849,21.42,2,27.73,46.69,45.09,93.97,16.18
2850,21.5,2,30.28,53.39,53.74,102.33,16.15
2851,21.58,2,26.05,51.02,43.51,79.0,20.79
2852,21.67,2,32.91,49.66,57.93,118.53,19.92
2853,21.75,2,25.62,46.9,51.49,98.83,16.58
2854,21.83,2,21.32,47.33,59.21,123.44,18.68
2855,21.92,2,35.02,50.58,53.38,102.87,12.11
2856,22.0,2,29.23,46.54,58.42,111.04,19.61
2857,22.08,2,23.72,47.45,45.69,90.82,21.49
2858,22.17,2,26.69,47.94,42.41,83.53,12.15
2859,22.25,2,25.04,44.65,41.0,84.43,15.2
2860,22.33,2,26.89,47.66,51.04,103.88,9.35
2861,22.42,2,29.5,47.96,48.03,99.23,16.07
2862,22.5,2,28.78,47.18,50.38,100.25,15.04
2863,22.58,2,27.25,45.69,53.01,97.92,24.07
2864,22.67,2,26.22,47.04,66.43,138.19,15.14
2865,22.75,2,29.84,47.89,51.06,100.07,19.07
2866,22.83,2,19.19,44.2,29.0,60.09,20.6
2867,22.92,2,23.18,47.07,46.0,92.35,7.49
2868,23.0,2,22.26,45.48,37.84,76.8,16.5
2869,23.08,2,29.1,48.59,65.06,118.37,13.28
2870,23.17,2,22.89,44.22,38.49,82.15,11.82
2871,23.25,2,20.88,46.75,40.21,78.27,12.2
2872,23.33,2,27.23,45.55,52.66,103.16,15.25
2873,23.42,2,22.05,41.7,45.39,100.5,11.8
2874,23.5,2,23.94,43.63,54.85,113.46,14.74
2875,23.58,2,33.45,52.12,60.48,126.93,22.64
2876,23.67,2,27.83,48.44,67.14,127.47,19.3
2877,23.75,2,46.25,58.44,128.97,245.8,32.84
2878,23.83,2,24.6,43.42,54.91,110.85,17.3
2879,23.92,2,28.18,52.32,45.06,90.84,19.85
2880,0.0,3,83.13,71.84,196.16,359.33,80.58
2881,0.08,3,54.85,56.16,78.03,155.88,63.74
2882,0.17,3,25.38,50.81,57.35,110.65,21.68
2883,0.25,3,19.86,41.32,45.97,93.43,11.44
2884,0.33,3,19.16,42.83,38.53,83.91,16.89
2885,0.42,3,24.5,45.61,56.37,106.57,20.18
2886,0.5,3,22.95,46.22,42.45,80.97,8.34
2887,0.58,3,27.28,45.7,58.69,128.22,15.56
2888,0.67,3,25.99,48.78,49.22,94.29,16.43
2889,0.75,3,22.68,46.71,39.2,88.64,11.39
2890,0.83,3,26.05,46.76,48.82,97.6,18.05
2891,0.92,3,24.11,48.5,44.2,87.44,23.01
2892,1.0,3,32.91,49.68,50.96,100.09,14.55
2893,1.08,3,27.15,46.67,49.44,98.69,21.73
2894,1.17,3,20.46,48.2,42.79,93.7,17.28
2895,1.25,3,32.43,50.19,38.92,83.84,12.89
2896,1.33,3,23.99,43.82,47.8,94.98,14.53
2897,1.42,3,22.95,43.63,48.47,87.91,16.97
2898,1.5,3,34.03,50.35,67.44,131.5,25.05
2899,1.58,3,27.9,42.76,38.6,80.14,20.38
2900,1.67,3,29.33,46.93,42.05,91.99,14.79
2901,1.75,3,29.63,48.13,52.23,96.66,19.19
2902,1.83,3,26.54,46.61,41.14,81.59,6.63
2903,1.92,3,25.46,43.94,36.04,72.24,20.18
2904,2.0,3,26.25,45.91,43.19,87.46,13.7
2905,2.08,3,33.53,52.45,52.36,104.7,14.36
2906,2.17,3,28.85,49.93,41.49,86.87,16.15
2907,2.25,3,32.97,50.03,46.38,84.01,13.46
2908,2.33,3,28.35,47.62,48.05,97.35,16.5
2909,2.42,3,26.23,46.48,34.88,74.02,20.97
2910,2.5,3,24.09,46.31,32.18,68.31,8.32
2911,2.58,3,31.67,49.46,53.58,105.55,17.83
2912,2.67,3,35.61,51.67,69.78,125.6,18.47
2913,2.75,3,26.86,48.09,53.1,108.42,18.99
2914,2.83,3,32.05,47.0,63.24,118.97,17.47
2915,2.92,3,25.74,45.96,31.45,69.67,20.46
2916,3.0,3,28.91,48.41,38.43,85.42,22.9
2917,3.08,3,32.11,47.52,53.61,98.13,22.37
2918,3.17,3,25.44,45.1,52.22,106.91,13.65
2919,3.25,3,31.75,48.85,58.2,108.59,25.92
2920,3.33,3,29.22,47.81,39.31,80.54,12.92
2921,3.42,3,34.6,51.0,65.6,127.46,21.74
2922,3.5,3,32.25,47.81,53.04,109.26,22.91
2923,3.58,3,36.46,53.34,64.98,130.0,27.68
2924,3.67,3,60.95,62.07,154.3,289.06,29.51
2925,3.75,3,29.12,48.39,37.59,69.45,14.49
2926,3.83,3,29.05,47.33,56.63,101.93,21.18
2927,3.92,3,27.94,48.05,52.29,108.68,16.7
2928,4.0,3,63.63,66.97,81.39,160.23,70.19
2929,4.08,3,70.74,66.08,94.55,175.2,68.33
2930,4.17,3,63.7,62.58,96.93,186.21,71.51
2931,4.25,3,68.42,64.13,98.75,186.7,67.09
2932,4.33,3,40.52,53.11,67.63,137.17,24.14
2933,4.42,3,35.13,50.67,52.96,105.75,16.57
2934,4.5,3,41.77,53.9,76.51,152.23,25.43
2935,4.58,3,36.08,52.17,57.4,110.26,10.69
2936,4.67,3,36.55,52.13,43.86,90.38,22.22
2937,4.75,3,37.84,51.98,61.26,118.21,21.19
2938,4.83,3,38.42,56.2,65.95,125.61,20.47
2939,4.92,3,41.72,55.15,67.44,121.39,12.02
2940,5.0,3,37.48,49.69,56.56,116.42,17.65
2941,5.08,3,43.36,51.42,52.03,112.4,25.92
2942,5.17,3,43.73,53.29,62.28,115.16,17.83
2943,5.25,3,42.3,54.34,61.31,123.83,14.97
2944,5.33,3,48.32,55.18,67.71,135.13,18.04
2945,5.42,3,46.46,54.65,75.65,143.6,26.64
2946,5.5,3,46.13,55.81,67.69,128.16,23.63
2947,5.58,3,43.05,53.69,77.72,155.8,26.72
2948,5.67,3,44.49,50.92,66.58,135.22,24.17
2949,5.75,3,45.53,57.64,79.36,155.1,18.17
2950,5.83,3,44.17,56.57,69.72,132.9,28.61
2951,5.92,3,43.25,51.89,69.01,139.66,18.64
2952,6.0,3,36.58,51.57,53.43,102.0,16.1
2953,6.08,3,47.95,54.34,61.73,128.22,23.26
2954,6.17,3,49.52,56.07,73.83,151.06,24.3
2955,6.25,3,42.24,54.98,79.19,158.45,24.16
2956,6.33,3,48.86,58.61,69.96,137.65,21.12
2957,6.42,3,45.11,56.87,64.19,115.54,27.17
2958,6.5,3,46.33,56.34,69.22,133.67,19.23
2959,6.58,3,52.63,61.23,92.3,184.97,19.02
2960,6.67,3,45.01,54.03,75.3,150.23,13.67
2961,6.75,3,45.43,54.67,79.23,154.79,20.67
2962,6.83,3,55.65,54.85,66.77,126.79,27.5
2963,6.92,3,49.24,56.97,67.5,136.61,25.42
2964,7.0,3,54.54,60.7,74.13,135.56,25.11
2965,7.08,3,45.0,55.82,78.09,149.71,19.57
2966,7.17,3,45.7,54.32,75.12,153.91,26.61
2967,7.25,3,48.23,58.39,81.33,152.37,22.58
2968,7.33,3,50.16,57.42,60.19,121.38,24.31
2969,7.42,3,47.34,57.83,80.69,146.45,17.34
2970,7.5,3,53.95,60.25,85.01,159.76,16.23
2971,7.58,3,54.58,62.41,73.1,142.47,27.29
2972,7.67,3,50.31,58.32,73.8,144.6,32.84
2973,7.75,3,50.98,59.16,69.03,144.59,24.71
2974,7.83,3,51.83,58.17,76.42,145.04,26.62
2975,7.92,3,50.54,56.74,79.25,155.62,26.22
2976,8.0,3,63.41,64.51,102.32,197.01,54.15
2977,8.08,3,73.62,71.13,95.83,179.54,50.2
2978,8.17,3,72.78,66.52,98.58,192.23,59.14
2979,8.25,3,54.96,59.24,72.13,143.18,30.06
2980,8.33,3,52.93,58.87,84.65,161.0,25.61
2981,8.42,3,59.66,63.22,73.99,144.16,24.29
2982,8.5,3,65.66,65.24,95.21,176.59,28.4
2983,8.58,3,54.6,61.4,70.71,132.85,23.71
2984,8.67,3,62.75,67.19,90.67,173.1,31.27
2985,8.75,3,59.47,60.48,95.61,185.84,26.08
2986,8.83,3,58.64,62.61,81.27,154.62,27.92
2987,8.92,3,57.63,61.57,85.92,161.57,29.32
2988,9.0,3,58.85,61.52,78.48,150.1,27.99
2989,9.08,3,63.47,64.77,90.27,176.62,26.52
2990,9.17,3,55.76,59.56,69.45,128.25,18.3
2991,9.25,3,59.07,62.23,91.55,179.1,26.93
2992,9.33,3,64.69,61.5,89.31,173.31,30.29
2993,9.42,3,64.04,62.74,90.18,165.54,20.0
2994,9.5,3,79.99,73.09,169.18,313.34,32.08
2995,9.58,3,60.49,64.24,72.59,143.84,25.57
2996,9.67,3,63.93,64.29,86.18,155.57,17.33
2997,9.75,3,63.95,62.87,92.82,171.91,27.72
2998,9.83,3,65.28,66.03,92.06,168.09,32.25
2999,9.92,3,63.44,66.02,108.55,202.5,26.38
3000,10.0,3,64.25,63.09,102.17,199.1,18.16
3001,10.08,3,63.73,60.77,92.6,180.67,27.77
3002,10.17,3,68.27,66.62,88.74,167.21,31.86
3003,10.25,3,61.46,64.49,84.79,167.77,22.36
3004,10.33,3,63.29,64.66,96.22,186.51,25.26
3005,10.42,3,59.75,65.02,87.32,173.55,23.86
3006,10.5,3,59.24,64.79,96.29,182.88,25.57
3007,10.58,3,64.78,63.54,93.28,180.6,24.99
3008,10.67,3,61.26,62.96,89.44,187.85,30.99
3009,10.75,3,63.74,62.69,104.48,196.51,31.51
3010,10.83,3,69.74,64.34,89.91,171.52,25.29
3011,10.92,3,69.66,64.42,112.46,211.64,33.09
3012,11.0,3,72.1,68.88,107.68,203.37,21.71
3013,11.08,3,70.16,67.18,125.07,237.92,24.57
3014,11.17,3,72.94,69.6,96.91,184.73,31.0
3015,11.25,3,66.14,69.83,107.41,196.51,27.17
3016,11.33,3,61.54,63.69,89.91,171.93,26.24
3017,11.42,3,61.27,60.99,87.03,164.03,27.11
3018,11.5,3,69.72,68.44,101.1,183.33,25.78
3019,11.58,3,65.06,62.66,94.08,185.06,31.56
3020,11.67,3,65.37,67.91,87.21,164.31,29.41
3021,11.75,3,63.04,59.42,89.59,173.18,25.64
3022,11.83,3,63.48,62.47,93.63,168.54,29.87
3023,11.92,3,66.34,66.1,91.2,176.66,28.71
3024,12.0,3,83.71,75.03,119.78,224.04,63.87
3025,12.08,3,88.3,73.38,118.6,215.7,64.84
3026,12.17,3,92.68,74.99,129.88,241.02,62.48
3027,12.25,3,57.49,61.17,86.69,162.61,22.22
3028,12.33,3,59.53,65.61,90.05,175.84,24.44
3029,12.42,3,67.25,62.18,84.91,163.28,27.45
3030,12.5,3,69.6,65.69,107.3,195.53,24.06
3031,12.58,3,63.05,63.89,83.73,162.92,26.22
3032,12.67,3,57.7,59.37,82.76,148.96,22.56
3033,12.75,3,69.63,64.73,93.39,172.47,24.85
3034,12.83,3,61.69,62.29,89.6,171.35,27.79
3035,12.92,3,63.16,64.01,89.91,168.71,26.78
3036,13.0,3,65.44,64.06,98.73,193.68,26.12
3037,13.08,3,61.87,65.77,89.59,172.11,27.81
3038,13.17,3,61.01,63.64,85.08,166.27,20.42
3039,13.25,3,60.94,63.19,73.74,146.07,20.72
3040,13.33,3,70.3,68.69,106.43,199.36,26.25
3041,13.42,3,67.7,66.27,100.38,185.35,26.51
3042,13.5,3,65.49,63.58,100.99,191.53,29.43
3043,13.58,3,55.65,59.52,80.3,158.88,21.4
3044,13.67,3,65.15,62.06,96.04,181.7,23.86
3045,13.75,3,64.77,68.16,87.5,170.45,30.55
3046,13.83,3,58.27,63.08,78.96,151.99,20.23
3047,13.92,3,63.44,58.43,88.86,162.18,29.92
3048,14.0,3,66.0,67.37,101.58,185.5,26.53
3049,14.08,3,64.09,60.91,89.71,179.29,22.91
3050,14.17,3,59.49,62.81,85.95,158.88,20.49
3051,14.25,3,61.68,58.35,90.95,170.52,24.67
3052,14.33,3,63.94,62.92,91.93,180.06,28.6
3053,14.42,3,61.34,65.28,96.72,178.13,25.28
3054,14.5,3,65.26,67.16,87.32,163.77,29.98
3055,14.58,3,61.98,63.51,90.18,171.26,29.05
3056,14.67,3,88.38,76.35,188.42,347.44,35.32
3057,14.75,3,62.91,60.48,77.36,144.39,29.12
3058,14.83,3,56.01,61.28,84.34,160.85,21.87
3059,14.92,3,59.62,63.53,97.28,188.5,28.03
3060,15.0,3,57.98,66.23,81.77,156.57,33.02
3061,15.08,3,62.48,61.87,81.3,153.05,29.53
3062,15.17,3,60.13,62.09,90.9,178.34,23.48
3063,15.25,3,57.53,61.04,85.47,172.38,22.06
3064,15.33,3,53.37,60.41,91.22,178.98,23.8
3065,15.42,3,51.93,60.13,80.82,149.85,26.07
3066,15.5,3,58.26,63.34,77.37,143.77,25.28
3067,15.58,3,54.32,61.42,72.27,142.27,19.15
3068,15.67,3,58.8,58.5,92.44,177.25,27.73
3069,15.75,3,50.36,52.44,78.29,144.79,26.34
3070,15.83,3,61.32,61.57,88.12,170.05,21.82
3071,15.92,3,57.7,60.89,85.62,164.61,28.27
3072,16.0,3,81.01,70.23,115.74,225.73,69.23
3073,16.08,3,86.17,72.86,121.39,226.32,71.98
3074,16.17,3,57.55,60.23,72.02,146.57,26.41
3075,16.25,3,52.18,59.64,87.35,174.39,24.2
3076,16.33,3,53.72,57.11,89.74,168.16,21.83
3077,16.42,3,46.18,55.63,84.9,164.58,23.54
3078,16.5,3,56.38,60.23,95.39,180.65,24.28
3079,16.58,3,51.21,59.16,87.84,166.84,24.12
3080,16.67,3,44.92,57.54,66.61,131.13,20.14
3081,16.75,3,47.29,59.65,74.16,139.54,23.4
3082,16.83,3,54.06,57.84,89.21,162.6,23.51
3083,16.92,3,56.24,56.31,68.09,129.9,20.05
3084,17.0,3,50.25,57.13,73.55,148.29,24.71
3085,17.08,3,46.32,52.67,56.94,111.47,25.9
3086,17.17,3,44.36,60.43,70.47,136.73,22.73
3087,17.25,3,53.85,57.49,89.75,175.51,22.78
3088,17.33,3,50.05,58.65,75.21,137.38,24.15
3089,17.42,3,46.89,57.97,66.71,132.27,19.08
3090,17.5,3,45.62,56.21,72.01,147.97,24.62
3091,17.58,3,49.53,61.44,77.73,150.38,25.96
3092,17.67,3,49.0,56.64,77.66,140.18,22.15
3093,17.75,3,43.17,52.76,57.08,112.37,21.33
3094,17.83,3,41.87,52.07,67.2,134.01,16.47
3095,17.92,3,41.61,55.23,66.41,130.1,22.78
3096,18.0,3,43.36,54.13,74.62,145.68,19.99
3097,18.08,3,42.15,52.19,64.97,128.92,10.54
3098,18.17,3,49.79,58.29,90.54,168.32,22.97
3099,18.25,3,41.93,55.29,65.97,124.72,20.11
3100,18.33,3,38.88,53.04,57.84,112.25,15.75
3101,18.42,3,38.65,54.19,53.35,107.99,23.63
3102,18.5,3,41.75,53.96,60.98,113.83,18.78
3103,18.58,3,35.58,49.82,51.3,112.63,16.05
3104,18.67,3,41.32,55.22,63.33,114.0,24.82
3105,18.75,3,36.42,49.61,72.2,131.43,20.8
3106,18.83,3,44.73,52.87,57.0,115.36,17.35
3107,18.92,3,40.65,55.61,52.67,107.15,20.19
3108,19.0,3,47.25,55.57,69.82,135.31,18.75
3109,19.08,3,38.6,55.7,50.42,104.14,14.7
3110,19.17,3,28.02,49.32,40.77,86.23,11.77
3111,19.25,3,43.67,53.81,70.12,136.22,23.73
3112,19.33,3,39.92,53.93,62.48,123.8,16.88
3113,19.42,3,40.05,58.08,66.57,119.82,16.16
3114,19.5,3,33.84,51.74,60.33,117.93,17.64
3115,19.58,3,36.8,52.72,69.89,135.57,29.55
3116,19.67,3,37.2,50.55,62.67,132.37,21.25
3117,19.75,3,35.32,54.58,67.03,126.52,22.19
3118,19.83,3,29.69,51.0,51.49,102.5,13.71
3119,19.92,3,45.07,54.11,72.21,147.09,23.06
3120,20.0,3,53.31,62.75,81.99,160.38,46.46
3121,20.08,3,51.48,58.49,79.05,152.42,43.21
3122,20.17,3,54.23,57.72,81.73,161.92,45.84
3123,20.25,3,36.14,50.07,72.94,137.33,16.55
3124,20.33,3,31.16,50.78,57.97,122.98,18.4
3125,20.42,3,37.55,50.23,56.48,114.87,18.6
3126,20.5,3,35.81,48.91,76.72,139.96,16.47
3127,20.58,3,30.24,47.73,48.28,93.87,16.65
3128,20.67,3,34.91,50.13,56.85,102.33,22.27
3129,20.75,3,30.97,47.59,45.52,95.92,13.19
3130,20.83,3,32.22,48.59,59.4,119.73,15.93
3131,20.92,3,33.27,51.8,68.44,130.9,19.69
3132,21.0,3,35.65,51.55,45.85,98.53,16.56
3133,21.08,3,28.29,46.7,46.73,93.7,22.14
3134,21.17,3,31.53,48.33,61.77,134.3,22.51
3135,21.25,3,37.02,51.39,50.95,95.71,24.09
3136,21.33,3,29.06,47.93,54.47,111.26,19.89
3137,21.42,3,30.09,48.4,40.7,81.27,21.43
3138,21.5,3,36.18,53.04,61.68,117.64,19.14
3139,21.58,3,31.1,49.39,52.95,104.44,15.51
3140,21.67,3,23.46,46.01,69.69,137.28,13.83
3141,21.75,3,25.59,49.37,51.66,103.28,10.19
3142,21.83,3,30.55,52.5,36.65,79.37,16.24
3143,21.92,3,29.38,45.76,49.66,102.42,16.19
3144,22.0,3,28.25,44.55,55.49,117.14,16.38
3145,22.08,3,35.03,50.06,53.73,100.71,28.85
3146,22.17,3,25.1,47.86,41.47,76.85,13.37
3147,22.25,3,26.8,47.81,43.9,88.68,15.82
3148,22.33,3,20.0,46.11,43.38,84.12,23.62
3149,22.42,3,30.76,48.06,41.87,89.73,14.94
3150,22.5,3,23.73,41.76,38.98,74.82,11.81
3151,22.58,3,30.06,45.79,59.34,114.06,16.75
3152,22.67,3,29.54,49.42,46.55,92.13,14.62
3153,22.75,3,34.28,52.55,51.76,112.0,22.94
3154,22.83,3,28.2,43.88,37.83,88.63,17.65
3155,22.92,3,24.55,48.87,49.63,93.63,11.76
3156,23.0,3,27.27,48.2,51.13,92.03,18.09
3157,23.08,3,22.92,45.17,50.28,97.63,16.5
3158,23.17,3,26.59,45.71,46.01,92.63,11.15
3159,23.25,3,24.68,49.29,47.14,94.65,17.95
3160,23.33,3,25.06,48.07,47.53,95.13,18.26
3161,23.42,3,22.09,45.92,30.11,68.27,10.14
3162,23.5,3,26.22,45.34,65.29,125.52,11.71
3163,23.58,3,28.0,50.83,56.43,112.64,15.6
3164,23.67,3,19.29,43.74,38.78,83.04,12.34
3165,23.75,3,22.63,45.78,40.37,83.76,18.04
3166,23.83,3,25.61,46.67,56.32,114.76,14.67
3167,23.92,3,16.79,41.02,35.91,66.11,13.49
3168,0.0,4,49.12,57.74,81.25,156.82,45.08
3169,0.08,4,40.54,54.64,59.03,117.4,50.97
3170,0.17,4,21.74,43.9,34.08,70.51,12.4
3171,0.25,4,24.32,46.41,42.89,84.21,11.95
3172,0.33,4,25.56,46.62,45.75,94.66,16.6
3173,0.42,4,22.47,46.94,45.35,92.25,19.91
3174,0.5,4,28.6,47.27,61.06,119.64,18.96
3175,0.58,4,26.63,47.44,55.85,108.9,14.4
3176,0.67,4,22.37,45.94,52.39,102.86,13.97
3177,0.75,4,23.56,44.96,37.41,73.5,10.49
3178,0.83,4,20.17,42.42,36.84,73.93,22.74
3179,0.92,4,21.19,43.21,48.17,92.01,21.5
3180,1.0,4,27.04,47.99,57.17,110.96,17.91
3181,1.08,4,22.9,44.84,48.42,98.98,15.68
3182,1.17,4,32.24,49.01,49.19,102.64,13.56
3183,1.25,4,26.31,48.05,38.24,78.57,15.99
3184,1.33,4,21.47,46.7,42.63,86.34,18.93
3185,1.42,4,22.36,47.44,34.7,73.17,18.51
3186,1.5,4,30.21,47.37,54.93,113.8,15.75
3187,1.58,4,26.43,48.74,56.72,110.96,19.81
3188,1.67,4,30.35,52.83,52.93,107.58,22.21
3189,1.75,4,25.78,46.85,35.49,75.73,16.58
3190,1.83,4,25.3,46.24,41.28,81.19,20.25
3191,1.92,4,31.38,48.56,59.58,120.77,24.45
3192,2.0,4,24.67,43.98,48.4,87.12,23.83
3193,2.08,4,29.61,50.01,54.97,114.25,15.0
3194,2.17,4,27.39,47.19,62.02,115.67,18.62
3195,2.25,4,31.45,48.85,55.53,109.26,20.68
3196,2.33,4,34.98,52.12,59.52,121.28,18.67
3197,2.42,4,27.5,48.93,54.85,106.6,21.85
3198,2.5,4,27.22,46.05,38.28,80.07,17.03
3199,2.58,4,31.73,48.13,49.52,103.36,17.32
3200,2.67,4,25.89,45.41,40.16,91.53,11.22
3201,2.75,4,35.62,55.26,62.98,123.3,12.14
3202,2.83,4,35.32,53.85,50.03,100.95,17.43
3203,2.92,4,27.06,48.59,51.97,103.76,6.76
3204,3.0,4,25.32,45.64,43.65,87.46,21.31
3205,3.08,4,27.11,46.68,44.68,83.7,20.33
3206,3.17,4,27.48,48.09,55.27,103.88,19.63
3207,3.25,4,34.62,55.0,45.89,92.52,23.11
3208,3.33,4,37.57,52.48,56.17,112.81,18.29
3209,3.42,4,65.87,65.66,194.05,365.6,27.35
3210,3.5,4,32.0,44.3,68.2,131.71,16.51
3211,3.58,4,34.37,50.98,41.73,92.76,23.03
3212,3.67,4,30.48,45.93,47.52,89.51,7.62
3213,3.75,4,37.73,51.0,60.78,120.45,23.87
3214,3.83,4,35.77,51.19,46.63,92.6,11.66
3215,3.92,4,37.33,51.19,75.94,140.13,18.51
3216,4.0,4,57.0,59.38,83.64,152.08,56.87
3217,4.08,4,59.34,60.45,84.72,160.32,61.11
3218,4.17,4,62.85,62.86,93.47,176.44,60.32
3219,4.25,4,65.75,64.08,96.82,179.84,61.72
3220,4.33,4,58.97,61.57,78.92,155.87,63.75
3221,4.42,4,39.68,52.75,73.13,139.61,20.82
3222,4.5,4,34.85,53.24,58.12,109.68,22.71
3223,4.58,4,45.16,51.22,79.66,152.21,22.96
3224,4.67,4,36.71,52.01,54.44,104.84,12.82
3225,4.75,4,40.82,53.51,49.62,107.55,29.61
3226,4.83,4,39.57,52.54,73.98,141.58,11.95
3227,4.92,4,48.52,55.42,79.15,147.88,23.39
3228,5.0,4,40.63,52.98,73.1,149.8,23.1
3229,5.08,4,38.44,49.03,70.97,141.37,20.78
3230,5.17,4,42.91,54.72,66.65,130.49,19.93
3231,5.25,4,43.26,55.24,63.97,121.17,26.76
3232,5.33,4,40.98,52.03,63.44,128.02,24.74
3233,5.42,4,38.13,56.04,65.16,119.98,19.45
3234,5.5,4,40.54,53.0,65.87,132.03,18.34
3235,5.58,4,45.91,55.75,55.46,111.07,18.21
3236,5.67,4,37.14,54.38,58.62,120.47,16.33
3237,5.75,4,42.82,58.55,77.7,139.86,20.47
3238,5.83,4,47.61,54.18,72.12,135.21,15.28
3239,5.92,4,44.24,53.75,85.88,159.59,21.03
3240,6.0,4,52.61,58.47,70.44,131.2,26.36
3241,6.08,4,39.33,51.21,64.98,129.1,17.58
3242,6.17,4,42.51,55.82,58.13,113.15,20.54
3243,6.25,4,38.21,50.49,54.0,102.85,20.78
3244,6.33,4,53.72,61.71,72.7,135.34,25.37
3245,6.42,4,43.87,55.99,85.32,158.77,20.17
3246,6.5,4,40.66,55.62,61.77,125.52,27.21
3247,6.58,4,45.9,53.96,64.46,125.69,21.49
3248,6.67,4,43.6,53.85,67.3,135.29,15.58
3249,6.75,4,46.79,57.85,69.36,148.18,20.15
3250,6.83,4,49.47,58.7,80.86,155.46,27.56
3251,6.92,4,52.57,58.08,63.09,116.47,28.02
3252,7.0,4,49.57,57.02,66.84,129.63,15.51
3253,7.08,4,50.69,56.94,82.59,168.06,21.48
3254,7.17,4,48.98,56.7,69.87,141.19,20.13
3255,7.25,4,46.14,53.83,64.33,122.56,24.65
3256,7.33,4,45.38,53.15,63.06,121.98,16.79
3257,7.42,4,50.97,59.95,81.96,161.4,28.98
3258,7.5,4,52.95,58.42,83.98,163.56,17.36
3259,7.58,4,51.52,60.49,84.48,166.0,22.32
3260,7.67,4,47.12,57.4,62.24,120.84,16.96
3261,7.75,4,54.55,60.17,70.69,139.18,26.27
3262,7.83,4,59.94,60.55,96.02,181.32,16.75
3263,7.92,4,54.22,56.98,81.7,164.03,22.87
3264,8.0,4,76.42,68.48,101.86,185.71,63.51
3265,8.08,4,78.61,73.44,108.08,196.92,61.24
3266,8.17,4,75.33,70.68,95.52,178.36,68.88
3267,8.25,4,75.47,67.86,101.33,189.0,70.86
3268,8.33,4,81.5,70.78,114.07,207.7,63.94
3269,8.42,4,60.29,60.27,90.19,163.8,25.59
3270,8.5,4,82.37,68.97,177.42,334.7,28.12
3271,8.58,4,50.61,57.98,74.21,142.75,17.6
3272,8.67,4,59.09,65.04,91.78,173.99,20.3
3273,8.75,4,65.42,67.92,92.7,177.13,21.99
3274,8.83,4,57.66,62.16,80.61,163.09,29.41
3275,8.92,4,58.21,59.99,78.75,152.33,26.27
3276,9.0,4,56.09,57.34,68.16,132.14,20.21
3277,9.08,4,61.13,64.6,93.56,175.22,21.83
3278,9.17,4,57.4,61.72,95.59,185.05,20.36
3279,9.25,4,63.61,62.99,84.72,162.18,18.39
3280,9.33,4,58.02,60.14,74.46,152.29,26.58
3281,9.42,4,61.79,64.01,84.17,160.7,24.94
3282,9.5,4,60.7,60.66,90.17,177.34,32.02
3283,9.58,4,66.57,65.44,90.84,169.96,18.31
3284,9.67,4,62.82,60.83,86.2,161.55,29.1
3285,9.75,4,66.48,69.37,94.12,170.28,30.37
3286,9.83,4,62.25,61.64,90.5,176.88,29.84
3287,9.92,4,61.5,63.97,91.75,174.95,26.36
3288,10.0,4,62.19,60.59,87.26,170.27,29.24
3289,10.08,4,59.83,61.6,84.3,170.22,26.18
3290,10.17,4,64.6,65.84,77.52,145.3,23.16
3291,10.25,4,60.52,64.44,95.11,176.21,23.53
3292,10.33,4,63.52,65.11,93.24,173.9,24.17
3293,10.42,4,66.3,64.56,106.65,191.97,31.23
3294,10.5,4,69.02,64.73,101.91,192.48,32.37
3295,10.58,4,64.21,61.74,91.46,179.06,29.31
3296,10.67,4,66.81,68.07,83.28,160.15,26.95
3297,10.75,4,66.54,65.15,81.77,149.34,18.4
3298,10.83,4,62.74,63.81,98.67,185.82,28.98
3299,10.92,4,71.58,69.54,105.39,200.32,31.02
3300,11.0,4,62.3,64.21,101.49,197.49,26.71
3301,11.08,4,64.75,63.88,100.14,194.24,28.1
3302,11.17,4,69.62,67.82,95.57,180.3,24.16
3303,11.25,4,69.62,65.08,83.54,158.64,26.03
3304,11.33,4,64.75,61.03,97.53,188.53,22.9
3305,11.42,4,68.23,68.53,88.75,166.79,26.44
3306,11.5,4,64.04,62.74,90.38,176.96,29.52
3307,11.58,4,63.17,62.82,94.1,176.09,27.55
3308,11.67,4,60.68,61.87,82.77,166.74,20.99
3309,11.75,4,67.49,64.17,89.39,172.07,34.2
3310,11.83,4,67.88,67.75,94.0,169.41,27.66
3311,11.92,4,63.01,64.1,75.61,149.3,23.06
3312,12.0,4,94.55,76.94,120.19,227.62,75.35
3313,12.08,4,99.5,77.22,184.02,343.66,75.58
3314,12.17,4,97.61,79.53,130.24,255.7,78.23
3315,12.25,4,90.42,70.79,115.92,217.35,70.23
3316,12.33,4,97.04,79.13,127.32,231.42,78.36
3317,12.42,4,61.74,65.47,85.53,170.29,28.8
3318,12.5,4,54.7,59.74,97.66,176.88,26.31
3319,12.58,4,64.7,66.53,98.79,184.09,27.23
3320,12.67,4,70.17,64.12,98.24,187.04,29.84
3321,12.75,4,69.51,70.36,102.0,189.11,28.95
3322,12.83,4,65.85,66.83,101.38,192.17,30.65
3323,12.92,4,62.53,64.09,92.34,175.53,24.67
3324,13.0,4,66.02,63.51,85.95,172.4,22.85
3325,13.08,4,63.26,61.94,89.81,161.67,27.28
3326,13.17,4,62.28,62.88,81.92,157.9,29.9
3327,13.25,4,67.66,67.85,93.55,173.79,25.35
3328,13.33,4,61.95,60.25,88.07,165.72,31.88
3329,13.42,4,67.59,65.43,104.52,201.54,28.42
3330,13.5,4,61.4,64.1,82.33,160.79,29.06
3331,13.58,4,70.51,68.59,92.62,178.43,22.98
3332,13.67,4,57.38,62.29,78.13,144.34,27.51
3333,13.75,4,59.59,58.98,81.63,162.87,26.77
3334,13.83,4,62.2,65.25,87.09,162.38,34.0
3335,13.92,4,55.59,60.15,84.34,168.75,25.96
3336,14.0,4,53.32,56.82,72.71,137.62,25.95
3337,14.08,4,55.18,59.78,82.14,163.01,20.52
3338,14.17,4,60.85,58.46,89.03,170.77,26.48
3339,14.25,4,60.7,63.47,92.26,167.71,29.76
3340,14.33,4,62.55,62.89,88.37,167.29,24.25
3341,14.42,4,60.44,59.66,94.18,188.04,22.26
3342,14.5,4,61.92,62.28,92.25,180.17,33.51
3343,14.58,4,59.02,60.14,88.42,166.98,23.64
3344,14.67,4,62.82,61.98,85.98,171.29,29.33
3345,14.75,4,62.12,58.43,91.74,176.54,23.62
3346,14.83,4,58.6,58.03,88.14,176.87,22.9
3347,14.92,4,61.31,62.13,83.79,160.43,24.84
3348,15.0,4,58.47,60.51,94.72,179.04,26.91
3349,15.08,4,53.5,61.02,100.19,195.28,28.05
3350,15.17,4,61.68,61.49,83.76,162.02,23.18
3351,15.25,4,55.01,58.7,77.25,151.85,28.24
3352,15.33,4,60.98,61.48,84.62,158.0,25.8
3353,15.42,4,58.65,61.0,74.91,150.69,23.96
3354,15.5,4,56.88,60.78,76.24,152.15,26.46
3355,15.58,4,50.26,56.8,82.17,164.66,28.28
3356,15.67,4,61.86,63.98,88.58,162.64,27.53
3357,15.75,4,54.84,64.28,96.16,177.28,20.8
3358,15.83,4,57.97,59.43,82.25,154.32,25.08
3359,15.92,4,54.98,60.52,84.3,160.55,25.99
3360,16.0,4,78.12,70.21,101.51,186.04,63.26
3361,16.08,4,79.36,72.81,109.35,210.02,67.06
3362,16.17,4,78.39,70.68,109.78,205.4,62.82
3363,16.25,4,76.98,68.19,92.37,182.55,67.88
3364,16.33,4,53.26,56.64,72.31,150.65,29.17
3365,16.42,4,54.55,60.77,85.55,161.01,23.31
3366,16.5,4,54.4,57.31,84.94,159.05,26.58
3367,16.58,4,52.4,60.95,67.89,135.94,27.2
3368,16.67,4,54.01,60.41,76.93,148.96,21.79
3369,16.75,4,49.94,57.65,59.93,119.73,24.18
3370,16.83,4,58.8,58.84,85.53,170.61,29.25
3371,16.92,4,55.8,61.46,92.04,174.31,30.5
3372,17.0,4,52.84,62.01,88.84,164.59,22.1
3373,17.08,4,42.96,53.48,76.69,141.9,16.23
3374,17.17,4,51.45,56.67,80.96,154.83,25.2
3375,17.25,4,47.72,56.29,81.53,155.0,22.85
3376,17.33,4,45.05,56.21,67.54,135.9,21.38
3377,17.42,4,46.78,54.99,66.96,137.48,19.62
3378,17.5,4,44.57,56.86,77.61,156.65,24.68
3379,17.58,4,48.95,60.85,76.05,143.38,19.88
3380,17.67,4,52.4,59.24,63.52,120.31,20.4
3381,17.75,4,49.2,56.49,83.77,151.72,21.77
3382,17.83,4,55.54,60.87,79.89,153.82,27.6
3383,17.92,4,40.0,55.35,57.66,118.21,14.57
3384,18.0,4,43.23,54.77,74.71,140.94,16.75
3385,18.08,4,41.26,54.54,71.27,130.88,17.04
3386,18.17,4,48.43,58.2,65.46,137.26,30.04
3387,18.25,4,42.92,52.56,65.25,123.92,21.86
3388,18.33,4,43.92,55.68,60.44,118.22,16.81
3389,18.42,4,45.04,52.58,61.99,119.26,20.74
3390,18.5,4,37.3,50.47,44.76,83.9,22.42
3391,18.58,4,39.78,55.19,54.63,112.84,27.95
3392,18.67,4,45.02,57.0,67.65,123.03,15.1
3393,18.75,4,39.18,52.09,47.02,100.25,15.5
3394,18.83,4,34.67,54.01,45.63,93.48,17.32
3395,18.92,4,37.09,49.07,64.36,124.51,18.06
3396,19.0,4,38.82,52.06,50.29,99.26,18.43
3397,19.08,4,39.99,53.54,61.73,123.38,19.55
3398,19.17,4,38.74,46.82,48.26,93.65,27.8
3399,19.25,4,36.42,51.07,61.98,122.45,14.04
3400,19.33,4,41.45,51.4,62.13,117.39,21.0
3401,19.42,4,37.3,49.58,52.42,94.35,21.57
3402,19.5,4,38.08,51.59,45.7,95.34,13.71
3403,19.58,4,34.98,47.09,49.83,111.87,24.48
3404,19.67,4,41.83,52.21,70.51,139.75,19.83
3405,19.75,4,34.78,47.05,69.14,134.22,14.36
3406,19.83,4,36.03,51.46,56.48,109.68,25.19
3407,19.92,4,39.0,52.76,61.0,117.98,22.48
3408,20.0,4,62.31,62.34,84.36,159.86,62.91
3409,20.08,4,61.85,64.83,99.06,189.29,67.86
3410,20.17,4,53.68,58.56,77.49,139.48,64.47
3411,20.25,4,62.6,63.13,97.27,175.09,59.01
3412,20.33,4,33.72,48.36,57.45,115.67,12.68
3413,20.42,4,35.07,46.17,58.07,113.52,20.11
3414,20.5,4,33.47,49.77,47.0,89.67,11.28
3415,20.58,4,30.52,48.18,65.89,123.54,21.65
3416,20.67,4,35.27,54.29,69.06,131.51,13.3
3417,20.75,4,32.51,50.96,72.2,137.87,21.81
3418,20.83,4,26.98,46.31,38.58,86.55,22.44
3419,20.92,4,35.75,51.37,60.01,112.67,20.9
3420,21.0,4,25.85,48.45,39.67,85.23,6.46
3421,21.08,4,33.71,51.2,59.0,119.14,22.91
3422,21.17,4,35.46,54.29,59.89,116.75,17.12
3423,21.25,4,26.09,45.16,43.0,91.22,16.29
3424,21.33,4,29.25,50.11,48.27,99.1,14.34
3425,21.42,4,28.65,47.05,66.1,122.7,23.89
3426,21.5,4,28.53,48.23,48.16,93.72,17.84
3427,21.58,4,35.28,49.76,42.33,88.14,17.19
3428,21.67,4,24.79,45.87,40.45,79.83,21.55
3429,21.75,4,27.3,47.71,38.99,83.24,20.34
3430,21.83,4,33.39,51.21,47.71,101.7,13.82
3431,21.92,4,26.77,47.17,52.8,104.91,18.03
3432,22.0,4,24.4,41.01,51.41,99.51,16.98
3433,22.08,4,28.39,47.62,42.32,82.58,11.21
3434,22.17,4,30.08,51.48,46.69,92.22,20.83
3435,22.25,4,25.69,46.39,40.24,80.26,16.31
3436,22.33,4,28.81,50.96,61.72,125.42,25.81
3437,22.42,4,21.88,44.6,48.62,94.58,21.11
3438,22.5,4,21.9,41.71,46.69,93.17,16.36
3439,22.58,4,24.82,45.3,36.53,79.65,15.86
3440,22.67,4,28.27,46.61,35.25,71.8,8.89
3441,22.75,4,28.73,47.47,59.32,114.55,20.55
3442,22.83,4,21.79,42.43,56.5,116.05,15.17
3443,22.92,4,28.33,47.73,34.95,78.71,15.21
3444,23.0,4,26.26,46.16,64.45,126.2,16.65
3445,23.08,4,22.5,47.7,41.15,92.37,21.84
3446,23.17,4,20.8,41.94,41.31,85.19,20.66
3447,23.25,4,26.19,47.28,35.88,78.97,21.99
3448,23.33,4,29.82,49.24,36.58,85.62,13.3
3449,23.42,4,25.36,47.96,30.43,61.63,22.66
3450,23.5,4,21.9,44.13,49.53,96.54,13.51
3451,23.58,4,18.58,43.8,36.64,79.94,17.63
3452,23.67,4,30.43,49.4,55.2,108.56,20.12
3453,23.75,4,28.69,44.61,58.49,110.58,16.61
3454,23.83,4,26.08,46.08,45.53,90.2,17.38
3455,23.92,4,30.18,48.51,64.73,119.44,10.97
3456,0.0,5,48.68,57.07,66.81,130.38,66.12
3457,0.08,5,46.04,55.86,66.9,131.24,64.28
3458,0.17,5,49.85,58.31,67.6,137.1,74.96
3459,0.25,5,45.02,59.13,75.71,152.18,65.09
3460,0.33,5,44.47,53.82,77.27,147.49,61.97
3461,0.42,5,21.54,45.46,37.22,87.54,15.85
3462,0.5,5,21.87,47.45,30.1,58.82,12.78
3463,0.58,5,14.47,37.91,42.2,78.97,7.94
3464,0.67,5,14.65,42.13,25.53,49.75,15.31
3465,0.75,5,17.48,39.51,32.75,63.1,14.4
3466,0.83,5,16.62,46.85,26.35,61.23,18.13
3467,0.92,5,20.85,45.43,42.32,94.58,21.04
3468,1.0,5,19.43,44.52,32.16,76.5,22.41
3469,1.08,5,23.43,41.8,48.72,88.28,16.78
3470,1.17,5,20.55,43.24,35.19,77.62,17.9
3471,1.25,5,17.29,41.78,40.05,89.73,15.45
3472,1.33,5,13.04,44.4,23.25,56.83,3.98
3473,1.42,5,20.4,45.64,49.29,95.55,20.04
3474,1.5,5,13.91,37.95,27.69,60.68,15.66
3475,1.58,5,17.72,43.91,36.99,71.82,16.67
3476,1.67,5,17.63,39.93,26.65,61.71,12.36
3477,1.75,5,45.08,52.03,135.37,246.35,18.7
3478,1.83,5,15.84,43.03,24.8,58.07,13.69
3479,1.92,5,18.06,44.62,36.32,71.83,16.75
3480,2.0,5,24.77,47.06,37.03,78.47,8.38
3481,2.08,5,24.93,49.98,43.67,87.34,17.04
3482,2.17,5,26.46,47.65,50.48,99.07,23.37
3483,2.25,5,21.31,44.93,29.6,68.01,14.8
3484,2.33,5,22.41,42.65,41.55,92.42,7.68
3485,2.42,5,25.72,48.29,49.13,94.1,15.67
3486,2.5,5,16.7,39.21,38.28,79.83,15.35
3487,2.58,5,24.87,50.23,60.19,112.91,17.72
3488,2.67,5,26.82,48.81,41.22,81.9,17.32
3489,2.75,5,19.36,49.29,38.21,75.15,22.59
3490,2.83,5,27.53,48.17,62.02,115.34,17.45
3491,2.92,5,30.12,50.39,40.15,87.57,18.3
3492,3.0,5,25.87,46.09,31.04,66.39,14.19
3493,3.08,5,25.46,46.37,49.83,96.97,20.14
3494,3.17,5,19.7,41.76,46.98,94.28,21.71
3495,3.25,5,27.6,44.53,33.12,75.6,14.39
3496,3.33,5,20.52,44.61,37.06,81.85,14.7
3497,3.42,5,25.66,46.45,37.64,80.55,7.11
3498,3.5,5,26.27,44.67,49.0,94.85,13.22
3499,3.58,5,13.34,39.21,30.74,65.93,21.21
3500,3.67,5,26.57,47.02,57.35,107.78,15.45
3501,3.75,5,34.59,48.38,45.75,91.92,19.56
3502,3.83,5,18.37,43.98,40.13,87.13,11.68
3503,3.92,5,25.78,44.48,50.91,107.45,18.24
3504,4.0,5,38.78,52.96,61.94,118.28,48.02
3505,4.08,5,42.75,51.94,51.3,106.51,51.35
3506,4.17,5,39.42,50.44,65.62,131.26,49.29
3507,4.25,5,47.02,51.43,65.58,126.84,56.55
3508,4.33,5,30.19,48.26,37.28,80.83,18.22
3509,4.42,5,29.14,51.02,52.93,111.4,13.95
3510,4.5,5,24.75,48.93,50.84,105.77,13.64
3511,4.58,5,26.18,47.43,41.49,79.42,9.07
3512,4.67,5,29.57,44.31,57.16,111.49,17.89
3513,4.75,5,25.78,48.29,52.69,106.84,16.19
3514,4.83,5,24.59,46.52,44.37,85.84,22.2
3515,4.92,5,28.72,47.11,54.23,115.4,12.49
3516,5.0,5,26.56,49.37,54.68,110.0,13.85
3517,5.08,5,31.63,50.46,57.15,110.6,15.16
3518,5.17,5,35.05,54.7,42.06,83.13,17.75
3519,5.25,5,39.92,50.15,47.9,92.74,14.93
3520,5.33,5,32.33,46.89,62.32,125.71,16.97
3521,5.42,5,33.73,47.86,49.97,104.07,18.51
3522,5.5,5,29.69,47.79,46.67,90.68,17.62
3523,5.58,5,30.24,51.78,66.4,136.87,22.65
3524,5.67,5,36.94,50.37,53.45,104.28,19.12
3525,5.75,5,31.8,48.11,52.05,99.71,17.74
3526,5.83,5,33.35,50.84,55.12,111.6,22.92
3527,5.92,5,37.7,53.65,58.54,109.37,19.42
3528,6.0,5,32.81,45.29,65.12,120.4,13.34
3529,6.08,5,39.33,54.78,59.2,111.79,15.52
3530,6.17,5,36.41,50.07,64.45,122.08,14.83
3531,6.25,5,36.32,51.14,59.15,120.22,14.21
3532,6.33,5,32.79,52.59,62.08,115.27,26.19
3533,6.42,5,37.16,51.29,48.62,99.36,15.0
3534,6.5,5,34.21,47.33,41.05,88.09,18.38
3535,6.58,5,37.67,49.01,60.45,126.03,19.64
3536,6.67,5,36.0,51.14,51.42,100.09,18.29
3537,6.75,5,40.06,52.36,74.79,142.56,16.9
3538,6.83,5,36.89,51.72,58.6,125.66,21.04
3539,6.92,5,44.45,54.2,70.1,142.94,15.02
3540,7.0,5,36.67,53.98,56.54,110.4,14.9
3541,7.08,5,36.08,51.28,53.08,111.28,23.51
3542,7.17,5,39.47,49.24,62.83,124.32,15.48
3543,7.25,5,42.34,55.69,73.93,143.16,25.78
3544,7.33,5,42.63,57.99,63.65,136.99,26.19
3545,7.42,5,39.77,53.21,59.66,122.77,25.55
3546,7.5,5,40.68,53.77,70.25,145.89,23.54
3547,7.58,5,40.98,51.88,50.7,95.95,14.73
3548,7.67,5,36.32,50.86,68.09,141.55,12.93
3549,7.75,5,43.97,55.79,61.31,119.58,16.51
3550,7.83,5,36.27,53.59,66.08,128.11,15.26
3551,7.92,5,57.98,61.98,138.87,261.91,19.29
3552,8.0,5,69.65,69.98,83.58,163.01,66.99
3553,8.08,5,68.62,66.08,97.44,190.66,72.54
3554,8.17,5,72.8,65.52,112.88,217.6,73.12
3555,8.25,5,43.65,52.46,64.95,123.65,22.1
3556,8.33,5,42.84,56.75,64.71,121.5,19.85
3557,8.42,5,38.68,54.42,55.28,108.54,19.4
3558,8.5,5,42.97,51.05,76.13,146.97,21.95
3559,8.58,5,42.96,53.91,62.84,123.56,18.85
3560,8.67,5,44.17,54.53,82.34,165.04,24.95
3561,8.75,5,42.14,52.46,74.8,145.57,15.28
3562,8.83,5,45.71,52.75,80.51,168.11,18.32
3563,8.92,5,42.91,52.76,67.13,138.07,17.02
3564,9.0,5,45.86,53.73,66.14,127.54,23.3
3565,9.08,5,47.37,53.54,75.67,137.33,17.04
3566,9.17,5,42.94,55.98,78.94,164.04,17.07
3567,9.25,5,42.33,54.61,79.98,152.54,22.28
3568,9.33,5,46.91,55.18,56.43,116.22,18.25
3569,9.42,5,40.82,49.23,85.63,160.79,23.56
3570,9.5,5,49.54,56.7,76.47,155.63,25.64
3571,9.58,5,45.89,56.69,76.3,151.57,19.32
3572,9.67,5,45.64,54.06,62.6,117.25,21.92
3573,9.75,5,48.13,54.36,65.05,117.31,30.27
3574,9.83,5,48.09,56.4,61.2,121.11,25.51
3575,9.92,5,46.6,56.64,84.55,164.67,23.63
3576,10.0,5,49.82,53.42,69.27,138.51,28.66
3577,10.08,5,44.55,57.75,67.72,128.01,17.28
3578,10.17,5,49.55,54.8,72.05,136.47,27.41
3579,10.25,5,43.43,53.7,58.95,106.66,22.28
3580,10.33,5,49.13,59.47,72.37,137.5,28.11
3581,10.42,5,46.33,56.1,71.3,130.19,19.49
3582,10.5,5,43.02,56.55,76.61,144.34,26.32
3583,10.58,5,48.63,59.99,64.88,128.43,15.19
3584,10.67,5,47.72,53.56,67.6,133.25,20.43
3585,10.75,5,42.55,55.95,70.47,133.47,21.73
3586,10.83,5,40.66,55.95,64.15,126.84,22.79
3587,10.92,5,47.62,55.68,72.65,148.16,13.53
3588,11.0,5,53.9,58.66,71.91,138.06,18.49
3589,11.08,5,49.44,53.42,80.56,148.61,18.03
3590,11.17,5,46.06,57.29,81.58,160.76,17.77
3591,11.25,5,52.25,53.44,88.27,174.34,20.06
3592,11.33,5,51.7,60.2,75.49,142.4,23.58
3593,11.42,5,53.03,56.03,63.63,121.09,29.16
3594,11.5,5,51.02,60.74,78.09,140.64,21.25
3595,11.58,5,51.76,59.09,77.92,147.95,29.12
3596,11.67,5,51.25,60.08,68.36,128.43,23.15
3597,11.75,5,47.05,54.55,64.88,119.17,20.9
3598,11.83,5,43.01,51.69,58.64,113.73,24.93
3599,11.92,5,46.92,52.59,73.5,142.28,21.11
3600,12.0,5,79.74,73.06,104.11,196.45,67.49
3601,12.08,5,74.53,69.87,105.76,198.75,74.62
3602,12.17,5,75.35,70.3,124.43,241.6,69.37
3603,12.25,5,44.64,55.67,67.08,132.28,28.32
3604,12.33,5,46.76,57.13,61.84,124.56,20.27
3605,12.42,5,48.63,56.3,61.73,130.16,16.83
3606,12.5,5,50.35,58.4,78.06,155.43,19.51
3607,12.58,5,46.97,54.42,87.39,165.93,19.06
3608,12.67,5,46.67,55.32,63.79,115.56,21.29
3609,12.75,5,51.41,64.22,61.69,119.19,19.68
3610,12.83,5,49.53,57.37,88.1,175.86,17.37
3611,12.92,5,49.89,53.51,95.0,185.9,21.18
3612,13.0,5,53.59,58.3,85.36,161.81,23.76
3613,13.08,5,46.38,53.76,74.1,142.99,23.24
3614,13.17,5,47.88,56.87,72.99,142.03,21.9
3615,13.25,5,49.88,55.67,80.31,151.47,27.94
3616,13.33,5,44.8,54.73,73.83,140.12,21.44
3617,13.42,5,48.53,55.36,75.5,142.66,13.4
3618,13.5,5,47.69,56.85,64.6,128.75,22.92
3619,13.58,5,57.2,59.49,85.86,159.27,24.33
3620,13.67,5,47.69,57.18,71.45,145.81,24.86
3621,13.75,5,51.25,61.96,70.09,136.12,18.34
3622,13.83,5,49.96,55.17,77.15,143.35,26.74
3623,13.92,5,42.85,55.73,62.53,127.69,21.78
3624,14.0,5,41.32,48.69,65.13,134.73,20.87
3625,14.08,5,47.44,55.88,75.58,161.75,25.61
3626,14.17,5,50.8,58.32,80.75,162.2,27.34
3627,14.25,5,47.23,54.76,67.98,127.99,26.06
3628,14.33,5,46.31,52.27,74.18,144.57,12.2
3629,14.42,5,44.85,55.11,74.29,156.36,15.52
3630,14.5,5,41.02,56.52,72.01,135.73,18.49
3631,14.58,5,42.09,53.65,67.94,125.95,15.77
3632,14.67,5,39.56,53.92,67.32,129.22,17.11
3633,14.75,5,41.17,55.78,61.03,114.78,20.09
3634,14.83,5,42.97,59.28,87.18,163.88,18.86
3635,14.92,5,47.3,54.18,71.25,134.94,21.73
3636,15.0,5,42.8,52.36,75.33,149.17,26.14
3637,15.08,5,45.02,54.67,65.13,120.75,28.38
3638,15.17,5,44.36,56.19,71.23,138.86,22.58
3639,15.25,5,45.39,50.78,72.16,136.07,26.69
3640,15.33,5,39.77,54.2,66.95,133.25,18.35
3641,15.42,5,46.85,56.38,64.43,129.27,19.21
3642,15.5,5,37.96,51.01,63.66,129.06,19.19
3643,15.58,5,41.05,54.32,60.4,123.18,19.01
3644,15.67,5,42.28,55.81,72.29,137.02,23.27
3645,15.75,5,44.74,57.19,61.67,120.98,21.24
3646,15.83,5,46.64,56.02,73.41,149.49,27.7
3647,15.92,5,44.22,55.55,67.84,134.32,21.53
3648,16.0,5,62.79,63.83,105.18,203.77,47.74
3649,16.08,5,54.65,62.05,89.52,165.04,46.64
3650,16.17,5,44.84,55.94,79.79,158.39,18.83
3651,16.25,5,43.95,56.07,61.57,111.39,23.91
3652,16.33,5,31.7,51.05,49.98,92.31,17.5
3653,16.42,5,39.02,56.48,61.79,116.73,20.23
3654,16.5,5,41.6,52.55,74.07,145.46,22.07
3655,16.58,5,37.38,55.07,62.87,126.15,21.5
3656,16.67,5,60.25,67.05,144.23,265.54,29.29
3657,16.75,5,45.97,54.64,64.51,116.49,22.84
3658,16.83,5,38.65,51.96,70.92,142.42,15.82
3659,16.92,5,38.43,51.44,64.38,128.83,17.66
3660,17.0,5,33.05,51.19,55.08,111.28,16.31
3661,17.08,5,35.17,47.1,56.96,122.17,15.88
3662,17.17,5,33.85,49.24,62.79,123.77,22.62
3663,17.25,5,40.45,52.66,55.11,104.24,19.52
3664,17.33,5,38.12,51.43,61.16,126.73,20.24
3665,17.42,5,34.03,49.57,56.73,110.09,19.85
3666,17.5,5,37.67,50.97,50.24,99.9,20.25
3667,17.58,5,34.5,52.08,54.74,105.84,19.86
3668,17.67,5,35.88,52.22,76.35,143.26,28.6
3669,17.75,5,35.54,54.4,50.96,99.62,21.59
3670,17.83,5,35.88,52.7,59.06,123.91,15.29
3671,17.92,5,35.13,48.61,42.15,80.54,20.05
3672,18.0,5,35.22,50.51,56.16,116.43,19.23
3673,18.08,5,37.82,51.47,51.79,93.97,13.9
3674,18.17,5,35.34,51.41,54.59,116.27,9.3
3675,18.25,5,31.59,51.4,56.32,119.9,18.46
3676,18.33,5,32.1,49.82,44.51,85.01,16.9
3677,18.42,5,36.42,51.77,60.64,119.54,14.51
3678,18.5,5,32.19,49.5,47.38,98.51,15.88
3679,18.58,5,30.16,50.19,40.51,79.89,16.5
3680,18.67,5,28.94,46.88,57.59,123.07,14.9
3681,18.75,5,31.78,46.39,45.44,91.91,19.03
3682,18.83,5,27.51,48.67,44.62,87.72,17.58
3683,18.92,5,34.68,51.36,52.05,104.09,21.87
3684,19.0,5,26.24,49.45,48.22,93.11,21.19
3685,19.08,5,34.73,45.77,56.93,112.58,21.26
3686,19.17,5,28.24,47.51,47.57,93.37,14.33
3687,19.25,5,25.16,46.54,39.52,77.24,16.96
3688,19.33,5,29.28,45.16,48.02,100.42,10.9
3689,19.42,5,24.98,46.07,47.32,86.72,14.34
3690,19.5,5,28.13,50.03,49.7,108.27,7.03
3691,19.58,5,25.69,50.73,54.8,109.79,15.01
3692,19.67,5,30.72,50.79,57.97,123.57,15.54
3693,19.75,5,27.59,46.77,56.96,117.35,19.66
3694,19.83,5,22.66,47.72,53.02,98.73,11.8
3695,19.92,5,24.45,47.82,45.83,92.85,16.8
3696,20.0,5,55.77,59.13,88.76,160.78,63.01
3697,20.08,5,57.53,59.72,86.72,161.58,63.26
3698,20.17,5,52.59,58.33,88.72,169.01,60.65
3699,20.25,5,48.82,54.87,59.54,113.65,63.99
3700,20.33,5,55.89,59.53,79.54,150.8,63.91
3701,20.42,5,27.33,48.27,51.08,98.61,13.0
3702,20.5,5,29.19,50.21,54.59,119.41,17.83
3703,20.58,5,25.38,45.66,45.31,92.15,17.57
3704,20.67,5,22.29,47.81,28.44,64.32,21.68
3705,20.75,5,25.67,47.85,44.38,89.63,14.09
3706,20.83,5,24.76,47.53,51.24,103.92,14.64
3707,20.92,5,21.37,42.78,38.11,68.6,10.18
3708,21.0,5,23.84,49.34,44.35,98.18,14.17
3709,21.08,5,22.23,46.11,57.01,109.01,11.32
3710,21.17,5,25.29,45.72,43.86,94.67,20.74
3711,21.25,5,24.19,44.87,42.77,92.92,18.11
3712,21.33,5,18.58,42.74,38.85,70.93,10.34
3713,21.42,5,18.02,41.07,38.52,79.62,10.6
3714,21.5,5,21.54,46.67,41.92,87.48,13.18
3715,21.58,5,21.77,42.96,44.27,90.23,20.64
3716,21.67,5,24.13,46.44,34.43,71.97,13.59
3717,21.75,5,23.07,44.48,41.72,82.92,15.07
3718,21.83,5,26.2,48.13,36.62,72.34,22.68
3719,21.92,5,19.29,45.29,38.6,84.77,16.48
3720,22.0,5,18.92,42.23,42.55,88.57,8.94
3721,22.08,5,17.24,42.69,34.58,73.17,6.99
3722,22.17,5,23.07,42.49,35.11,65.19,16.14
3723,22.25,5,20.37,47.57,36.0,73.52,24.3
3724,22.33,5,13.67,43.29,45.81,92.18,18.84
3725,22.42,5,20.73,41.54,51.47,106.85,16.69
3726,22.5,5,20.82,42.64,35.65,65.45,18.35
3727,22.58,5,19.26,43.4,33.74,65.25,18.26
3728,22.67,5,20.69,44.39,38.96,89.12,8.63
3729,22.75,5,15.28,40.5,43.25,83.86,14.65
3730,22.83,5,25.19,44.04,31.22,56.93,21.55
3731,22.92,5,20.68,45.1,35.37,70.18,23.54
3732,23.0,5,13.05,44.35,33.95,67.15,15.29
3733,23.08,5,19.16,43.73,40.36,85.9,9.35
3734,23.17,5,20.53,43.65,36.21,78.38,17.42
3735,23.25,5,15.14,41.02,31.15,61.23,16.0
3736,23.33,5,20.85,42.19,42.66,84.9,18.69
3737,23.42,5,24.81,44.82,41.49,87.36,17.83
3738,23.5,5,16.62,44.75,26.44,60.44,21.6
3739,23.58,5,20.34,40.01,37.92,73.09,15.85
3740,23.67,5,19.54,43.93,39.96,77.31,15.12
3741,23.75,5,22.17,45.03,26.61,68.47,14.49
3742,23.83,5,18.38,43.51,40.2,81.06,14.99
3743,23.92,5,15.02,43.21,40.82,90.94,14.87
3744,0.0,6,43.16,54.55,63.94,126.23,53.15
3745,0.08,6,36.48,50.51,56.06,116.38,54.12
3746,0.17,6,46.34,54.54,64.7,129.59,45.17
3747,0.25,6,41.99,56.49,64.17,126.36,51.83
3748,0.33,6,37.96,54.16,56.08,111.75,53.43
3749,0.42,6,22.72,50.98,53.84,100.72,16.81
3750,0.5,6,18.85,42.92,38.61,78.67,9.62
3751,0.58,6,18.15,41.89,21.78,46.59,16.66
3752,0.67,6,16.59,43.37,39.48,79.42,14.35
3753,0.75,6,12.46,41.47,43.71,86.83,16.17
3754,0.83,6,21.22,45.82,44.54,90.98,17.61
3755,0.92,6,13.48,42.76,40.7,86.45,14.67
3756,1.0,6,16.48,43.67,40.2,81.67,14.14
3757,1.08,6,20.86,46.54,47.96,101.11,16.36
3758,1.17,6,17.69,45.38,43.77,86.71,15.58
3759,1.25,6,20.1,46.49,46.75,94.58,20.33
3760,1.33,6,15.41,37.41,36.02,87.46,25.81
3761,1.42,6,18.55,43.81,23.54,46.37,10.34
3762,1.5,6,20.46,42.36,30.84,63.41,5.12
3763,1.58,6,16.69,44.62,26.46,48.56,12.06
3764,1.67,6,26.06,42.16,31.27,67.43,12.75
3765,1.75,6,18.07,46.07,33.2,69.84,17.88
3766,1.83,6,25.27,44.64,56.65,112.59,22.29
3767,1.92,6,20.01,41.82,27.52,54.98,18.26
3768,2.0,6,15.27,42.58,39.15,76.66,12.56
3769,2.08,6,16.95,41.88,39.57,81.5,17.17
3770,2.17,6,21.72,48.33,42.9,80.2,20.29
3771,2.25,6,24.89,48.93,54.33,112.2,18.89
3772,2.33,6,27.66,46.42,47.86,89.19,19.12
3773,2.42,6,22.1,47.03,53.69,105.9,15.07
3774,2.5,6,17.73,41.89,34.68,70.24,9.56
3775,2.58,6,23.03,44.25,45.38,89.18,20.14
3776,2.67,6,19.37,45.15,37.11,68.77,21.62
3777,2.75,6,23.85,48.64,36.22,74.98,10.45
3778,2.83,6,19.4,42.85,27.5,53.46,17.91
3779,2.92,6,15.6,41.29,38.32,79.68,10.69
3780,3.0,6,27.75,48.09,59.08,112.55,18.8
3781,3.08,6,22.58,43.38,44.06,89.05,10.05
3782,3.17,6,23.79,48.84,47.66,86.73,19.07
3783,3.25,6,27.35,45.5,35.38,78.25,18.55
3784,3.33,6,30.68,47.54,54.9,114.31,20.98
3785,3.42,6,26.88,50.63,32.26,65.3,19.31
3786,3.5,6,24.98,46.67,35.41,87.75,16.99
3787,3.58,6,26.5,50.81,57.47,117.26,19.78
3788,3.67,6,24.11,45.41,44.05,87.99,14.25
3789,3.75,6,25.54,51.53,46.5,91.24,18.69
3790,3.83,6,26.2,48.02,50.87,97.65,14.34
3791,3.92,6,23.22,43.94,49.24,95.68,18.3
3792,4.0,6,49.41,55.7,72.13,139.29,56.22
3793,4.08,6,50.91,55.0,78.44,150.97,59.32
3794,4.17,6,51.72,55.58,76.51,140.7,56.42
3795,4.25,6,28.65,46.57,37.12,83.59,16.09
3796,4.33,6,22.72,43.24,39.43,84.91,14.79
3797,4.42,6,32.01,44.25,56.72,121.33,12.68
3798,4.5,6,32.02,51.09,50.35,102.46,21.47
3799,4.58,6,27.98,49.14,45.57,97.25,17.18
3800,4.67,6,30.21,49.21,57.51,107.27,12.4
3801,4.75,6,28.17,45.41,50.09,103.18,14.87
3802,4.83,6,31.87,52.64,56.06,101.95,15.57
3803,4.92,6,26.7,46.66,34.05,66.42,18.27
3804,5.0,6,34.57,48.89,60.07,130.65,17.8
3805,5.08,6,32.64,50.15,45.3,89.8,21.79
3806,5.17,6,33.04,50.22,54.45,107.92,13.48
3807,5.25,6,30.46,43.7,43.04,90.98,19.35
3808,5.33,6,26.2,46.73,53.9,106.83,17.97
3809,5.42,6,34.56,50.79,71.11,132.89,16.96
3810,5.5,6,26.96,46.38,46.18,88.13,17.76
3811,5.58,6,35.25,48.22,56.05,114.89,18.67
3812,5.67,6,29.74,45.8,58.93,117.57,22.27
3813,5.75,6,27.21,48.27,52.23,108.2,17.14
3814,5.83,6,33.1,51.42,54.15,110.4,22.83
3815,5.92,6,37.56,51.01,63.02,123.74,22.73
3816,6.0,6,30.37,49.43,67.68,131.9,12.61
3817,6.08,6,39.67,51.94,57.23,113.5,19.58
3818,6.17,6,36.7,49.81,54.36,106.02,22.5
3819,6.25,6,35.28,51.3,63.69,122.89,19.8
3820,6.33,6,33.53,47.79,72.14,142.36,18.71
3821,6.42,6,34.1,54.13,57.34,120.42,19.1
3822,6.5,6,37.21,48.87,45.98,84.38,21.73
3823,6.58,6,38.99,53.11,64.91,138.78,18.2
3824,6.67,6,34.28,50.73,51.93,106.94,17.42
3825,6.75,6,33.85,50.36,59.43,119.16,21.82
3826,6.83,6,36.25,54.28,47.62,90.68,19.89
3827,6.92,6,42.19,48.61,53.83,103.33,19.84
3828,7.0,6,33.37,50.84,52.67,107.87,18.49
3829,7.08,6,41.95,53.33,78.55,152.65,22.53
3830,7.17,6,38.41,53.45,50.12,93.75,19.53
3831,7.25,6,32.79,49.86,51.78,98.9,18.84
3832,7.33,6,37.26,51.62,48.01,92.71,12.46
3833,7.42,6,41.32,51.18,66.9,126.3,21.31
3834,7.5,6,45.8,54.26,71.73,140.47,20.93
3835,7.58,6,35.15,57.08,45.78,87.29,22.47
3836,7.67,6,30.22,49.79,61.57,124.72,17.35
3837,7.75,6,35.8,53.22,42.96,79.9,24.88
3838,7.83,6,44.63,54.38,81.17,160.99,23.61
3839,7.92,6,34.69,48.9,67.62,147.01,15.69
3840,8.0,6,63.32,65.05,93.43,182.07,46.14
3841,8.08,6,62.61,59.37,97.31,182.43,50.57
3842,8.17,6,59.31,60.39,84.75,160.04,50.19
3843,8.25,6,39.89,52.24,50.55,95.37,13.18
3844,8.33,6,42.55,56.04,67.95,137.7,20.43
3845,8.42,6,44.76,55.97,56.14,111.87,19.87
3846,8.5,6,44.49,54.07,68.3,123.89,21.93
3847,8.58,6,49.23,57.89,64.18,118.25,30.38
3848,8.67,6,42.48,53.51,73.78,134.02,13.94
3849,8.75,6,39.09,54.73,64.95,130.72,23.55
3850,8.83,6,38.71,52.89,66.88,125.38,21.62
3851,8.92,6,38.25,55.69,63.62,128.69,17.58
3852,9.0,6,45.04,54.71,84.1,158.59,21.36
3853,9.08,6,43.77,57.15,75.7,150.22,24.6
3854,9.17,6,44.92,55.4,82.54,157.28,21.68
3855,9.25,6,43.15,53.02,59.58,121.99,13.04
3856,9.33,6,41.36,58.81,60.29,114.55,21.8
3857,9.42,6,47.6,59.04,57.12,109.14,24.79
3858,9.5,6,37.03,52.13,56.3,109.06,17.6
3859,9.58,6,43.04,55.9,66.36,133.63,24.22
3860,9.67,6,48.79,54.79,77.02,143.23,25.97
3861,9.75,6,43.07,52.29,62.44,119.5,25.99
3862,9.83,6,47.77,58.73,78.22,149.54,25.96
3863,9.92,6,43.77,54.71,72.86,143.14,31.12
3864,10.0,6,45.14,55.0,65.39,125.71,25.95
3865,10.08,6,48.91,56.44,66.03,131.74,22.91
3866,10.17,6,42.58,54.47,66.63,126.19,23.85
3867,10.25,6,49.81,56.91,75.57,150.97,22.98
3868,10.33,6,47.51,52.31,67.14,134.64,20.88
3869,10.42,6,51.88,61.18,75.18,142.46,18.81
3870,10.5,6,48.34,56.53,61.66,124.59,21.61
3871,10.58,6,43.99,58.46,73.21,136.32,24.58
3872,10.67,6,53.89,55.73,85.23,164.22,20.27
3873,10.75,6,44.5,51.49,68.8,129.88,22.8
3874,10.83,6,47.26,55.72,77.84,151.67,20.47
3875,10.92,6,51.5,60.13,77.85,149.28,23.08
3876,11.0,6,41.66,51.31,77.92,146.46,20.4
3877,11.08,6,53.36,56.49,68.66,125.73,24.33
3878,11.17,6,44.37,55.71,69.85,134.66,30.37
3879,11.25,6,46.87,55.47,78.47,157.21,19.87
3880,11.33,6,49.53,58.38,86.38,166.9,22.47
3881,11.42,6,48.43,56.2,79.46,145.2,21.49
3882,11.5,6,51.38,58.89,68.36,131.87,17.08
3883,11.58,6,43.06,57.11,53.43,112.11,24.44
3884,11.67,6,51.24,55.62,75.13,143.68,19.72
3885,11.75,6,51.54,60.56,79.75,148.68,28.61
3886,11.83,6,52.34,55.14,85.36,172.39,20.19
3887,11.92,6,43.18,55.65,58.06,109.1,22.57
3888,12.0,6,63.38,66.36,95.94,181.56,62.67
3889,12.08,6,67.32,64.25,80.78,152.33,58.54
3890,12.17,6,43.97,56.08,61.85,124.6,18.88
3891,12.25,6,42.4,53.11,72.77,143.39,17.26
3892,12.33,6,47.34,57.48,62.28,117.63,13.29
3893,12.42,6,49.48,52.75,65.55,124.49,21.1
3894,12.5,6,58.42,61.61,80.9,156.31,19.15
3895,12.58,6,50.5,58.51,77.01,149.71,22.73
3896,12.67,6,54.66,62.28,71.66,137.85,22.17
3897,12.75,6,48.31,58.59,72.71,139.34,22.69
3898,12.83,6,50.35,57.34,71.97,133.4,18.19
3899,12.92,6,47.81,57.05,81.63,166.19,20.06
3900,13.0,6,57.63,58.04,80.29,157.71,26.7
3901,13.08,6,45.75,58.88,70.13,136.26,22.81
3902,13.17,6,46.13,57.14,71.69,143.92,14.38
3903,13.25,6,50.74,54.11,72.53,139.54,25.97
3904,13.33,6,48.57,57.35,79.44,148.93,18.01
3905,13.42,6,46.25,56.46,78.32,152.7,15.49
3906,13.5,6,50.97,56.39,72.25,140.75,21.9
3907,13.58,6,47.34,56.49,74.15,151.88,31.55
3908,13.67,6,47.18,54.48,64.19,121.86,20.5
3909,13.75,6,48.01,53.8,77.12,144.01,22.43
3910,13.83,6,40.99,52.22,66.05,139.39,23.03
3911,13.92,6,41.32,53.94,61.68,126.94,16.89
3912,14.0,6,50.54,59.6,78.29,154.11,23.9
3913,14.08,6,44.2,55.03,72.79,137.6,17.78
3914,14.17,6,45.94,57.55,79.97,156.03,23.73
3915,14.25,6,51.87,59.64,80.42,148.3,24.59
3916,14.33,6,45.73,53.51,76.98,146.0,22.7
3917,14.42,6,45.11,56.58,84.37,156.05,21.98
3918,14.5,6,48.79,58.29,65.27,123.72,30.26
3919,14.58,6,43.35,57.99,76.4,141.56,21.79
3920,14.67,6,49.45,58.07,67.31,134.63,24.49
3921,14.75,6,48.09,54.17,67.0,139.54,23.5
3922,14.83,6,51.22,56.94,76.36,152.34,18.8
3923,14.92,6,42.17,50.27,60.43,122.53,17.47
3924,15.0,6,49.14,58.13,67.46,129.75,17.95
3925,15.08,6,46.06,59.04,69.79,136.59,18.39
3926,15.17,6,39.25,47.88,59.43,111.61,17.78
3927,15.25,6,34.55,53.94,51.14,95.56,17.83
3928,15.33,6,40.6,54.26,56.1,103.71,19.3
3929,15.42,6,44.16,52.72,79.4,146.81,23.35
3930,15.5,6,44.41,55.5,58.69,119.08,26.51
3931,15.58,6,42.41,52.0,64.55,130.18,25.18
3932,15.67,6,42.18,54.86,74.56,139.7,21.66
3933,15.75,6,41.64,53.87,71.45,140.07,17.09
3934,15.83,6,45.42,56.1,71.37,144.18,25.55
3935,15.92,6,36.5,49.59,53.82,106.11,16.92
3936,16.0,6,61.27,61.03,88.38,165.36,55.68
3937,16.08,6,57.17,61.73,74.61,142.21,54.04
3938,16.17,6,37.5,50.87,57.72,121.06,15.13
3939,16.25,6,44.5,55.32,66.0,128.45,19.02
3940,16.33,6,36.65,52.4,57.35,123.9,21.21
3941,16.42,6,39.3,52.24,55.86,107.21,19.21
3942,16.5,6,46.34,58.17,57.05,110.15,33.24
3943,16.58,6,42.12,53.58,75.56,138.98,18.75
3944,16.67,6,37.29,51.35,67.98,137.73,15.29
3945,16.75,6,37.27,50.51,66.72,130.57,19.61
3946,16.83,6,33.97,52.36,58.79,111.31,17.2
3947,16.92,6,42.5,52.71,67.36,129.46,13.76
3948,17.0,6,41.17,56.04,58.86,118.37,23.63
3949,17.08,6,39.72,53.2,57.97,110.21,23.89
3950,17.17,6,39.79,58.27,74.39,145.61,23.36
3951,17.25,6,33.97,48.96,69.22,139.1,19.77
3952,17.33,6,30.94,51.47,50.65,99.0,17.19
3953,17.42,6,37.99,53.12,60.62,109.81,20.19
3954,17.5,6,38.82,51.44,67.44,130.04,19.21
3955,17.58,6,41.01,54.5,64.96,124.4,17.72
3956,17.67,6,34.35,51.41,57.58,107.41,24.75
3957,17.75,6,33.52,49.42,54.74,111.47,23.44
3958,17.83,6,33.57,50.96,47.78,99.13,21.03
3959,17.92,6,36.42,53.72,55.73,111.4,17.4
3960,18.0,6,32.76,50.77,53.25,103.68,20.53
3961,18.08,6,33.24,49.12,39.89,82.47,17.36
3962,18.17,6,36.0,50.25,58.91,112.78,17.89
3963,18.25,6,30.58,48.59,70.27,139.92,17.58
3964,18.33,6,37.31,54.02,56.34,109.22,21.09
3965,18.42,6,34.33,48.94,56.46,110.38,16.98
3966,18.5,6,25.29,47.16,38.62,78.68,15.77
3967,18.58,6,29.66,45.22,41.85,101.66,22.69
3968,18.67,6,24.06,47.02,41.39,79.41,9.32
3969,18.75,6,30.14,50.06,56.2,108.81,21.6
3970,18.83,6,28.76,52.0,47.64,87.74,16.66
3971,18.92,6,33.11,51.75,51.74,104.39,16.44
3972,19.0,6,26.78,46.25,51.11,110.65,15.48
3973,19.08,6,30.91,45.84,53.69,105.5,17.77
3974,19.17,6,31.23,50.08,54.71,105.27,21.52
3975,19.25,6,29.83,47.77,60.32,118.27,18.16
3976,19.33,6,32.61,50.34,62.65,127.94,16.19
3977,19.42,6,35.55,49.56,69.63,142.24,21.65
3978,19.5,6,28.4,47.43,39.38,75.65,16.72
3979,19.58,6,29.13,44.71,56.81,115.55,19.39
3980,19.67,6,24.33,43.86,57.36,112.74,17.17
3981,19.75,6,23.55,43.22,30.2,71.56,11.64
3982,19.83,6,30.44,50.44,51.37,113.94,19.9
3983,19.92,6,29.69,46.71,46.28,102.41,10.85
3984,20.0,6,44.05,57.58,67.67,126.87,52.72
3985,20.08,6,42.8,52.62,75.53,141.75,48.77
3986,20.17,6,44.83,59.36,57.63,122.2,45.43
3987,20.25,6,46.33,51.95,72.55,140.08,54.68
3988,20.33,6,23.71,46.52,38.94,76.25,19.26
3989,20.42,6,25.44,46.53,54.95,102.1,16.24
3990,20.5,6,27.83,45.1,51.76,103.87,22.1
3991,20.58,6,25.98,45.59,44.91,88.78,16.5
3992,20.67,6,25.98,46.17,40.44,84.74,17.21
3993,20.75,6,15.28,42.38,54.6,109.23,10.45
3994,20.83,6,17.97,41.21,38.8,73.76,16.82
3995,20.92,6,20.59,45.12,28.35,56.94,17.3
3996,21.0,6,20.93,44.66,33.63,75.26,13.56
3997,21.08,6,25.85,48.19,49.33,103.95,11.34
3998,21.17,6,19.61,42.1,32.7,67.0,8.93
3999,21.25,6,24.81,45.34,39.91,82.72,20.23
